name,string_length,num_chars,avg_ns,min_ns,max_ns,std_dev,success_avg_ns,success_runs,fail_avg_ns,fail_runs
1,255,255,2477,110,10595,3849.90,2477,7,0,0
1,256,255,5803,110,21968,6854.43,5803,14,0,0
1,257,255,7120,110,21968,7197.87,7120,21,0,0
1,258,255,6130,110,21968,7195.24,6130,28,0,0
1,259,255,7001,110,28293,8115.80,7001,35,0,0
1,260,255,7479,110,28293,8269.42,7479,42,0,0
1,261,255,7502,110,28293,8405.65,7502,49,0,0
1,262,255,7300,110,28293,8235.20,7300,56,0,0
1,263,255,7475,110,28293,8128.13,7475,63,0,0
1,264,255,7639,110,28293,8155.26,7639,70,0,0
1,265,255,8138,110,28293,8232.41,8138,77,0,0
1,266,255,8230,110,28293,8124.95,8230,84,0,0
1,267,255,8303,110,28293,8093.17,8303,91,0,0
1,268,255,8221,110,28293,8107.87,8221,98,0,0
1,269,255,8114,110,28293,8155.11,8114,105,0,0
1,270,255,8160,110,28293,8128.60,8160,112,0,0
1,271,255,8228,110,28293,8238.39,8228,119,0,0
1,272,255,8014,110,28293,8192.81,8014,126,0,0
1,273,255,7895,110,28293,8064.75,7895,133,0,0
1,274,255,8042,110,28293,8086.57,8042,140,0,0
1,275,255,7849,110,28293,8053.64,7849,147,0,0
1,276,255,7904,110,28293,8127.47,7904,154,0,0
1,277,255,7764,110,28293,8076.55,7764,161,0,0
1,278,255,7703,110,28293,7995.17,7703,168,0,0
1,279,255,7430,110,28293,7955.20,7430,175,0,0
1,280,255,7565,110,28293,7956.29,7565,182,0,0
1,281,255,7839,110,29641,8213.79,7839,189,0,0
1,282,255,7810,110,29641,8312.32,7810,196,0,0
1,283,255,7869,110,29641,8392.91,7869,203,0,0
1,284,255,7799,110,29641,8335.20,7799,210,0,0
1,285,255,7965,110,31147,8451.41,7965,217,0,0
1,286,255,7979,110,31147,8450.10,7979,224,0,0
1,287,255,7924,110,31147,8476.93,7924,231,0,0
1,288,255,8187,110,37708,8895.19,8187,238,0,0
1,289,255,8323,110,37708,8980.01,8323,245,0,0
1,290,255,8378,110,37708,9054.56,8378,252,0,0
1,291,255,8454,110,37708,9103.50,8454,259,0,0
1,292,255,8343,110,37708,9109.24,8343,266,0,0
1,293,255,8336,110,37708,9078.16,8336,273,0,0
1,294,255,8469,110,37708,9163.38,8469,280,0,0
1,295,255,8546,110,37708,9267.15,8546,287,0,0
1,296,255,8491,110,37708,9236.14,8491,294,0,0
1,297,255,8455,110,37708,9228.24,8455,301,0,0
1,298,255,8651,110,39355,9417.50,8651,308,0,0
1,299,255,8533,110,39355,9357.18,8533,315,0,0
1,300,255,8563,110,39355,9385.21,8563,322,0,0
1,301,255,8646,110,39860,9588.17,8646,329,0,0
1,302,255,8731,110,40626,9731.55,8731,336,0,0
1,303,255,8668,110,40626,9776.35,8668,343,0,0
1,304,255,8683,110,40626,9776.75,8683,350,0,0
1,305,255,8711,110,40626,9792.77,8711,357,0,0
1,306,255,8838,110,40626,9798.94,8838,364,0,0
1,307,255,8945,110,40626,9849.46,8945,371,0,0
1,308,255,8909,110,40626,9855.89,8909,378,0,0
1,309,255,8954,110,40626,10059.58,8954,385,0,0
1,310,255,8922,110,40626,10108.65,8922,392,0,0
1,311,255,8993,110,40626,10156.37,8993,399,0,0
1,312,255,9100,110,40626,10237.41,9100,406,0,0
1,313,255,9174,110,40626,10293.29,9174,413,0,0
1,314,255,9299,110,40626,10368.71,9299,420,0,0
1,315,255,9336,110,40626,10362.85,9336,427,0,0
1,316,255,9353,110,40626,10377.58,9353,434,0,0
1,317,255,9387,110,40834,10440.41,9387,441,0,0
1,318,255,9561,110,40834,10583.45,9561,448,0,0
1,319,255,9621,110,40834,10681.63,9621,455,0,0
1,320,255,9750,110,45281,10871.22,9750,462,0,0
1,321,255,9688,110,45281,10814.33,9688,469,0,0
1,322,255,9884,110,45281,11041.22,9884,476,0,0
1,323,255,9924,110,58579,11216.19,9924,483,0,0
1,324,255,10021,110,58579,11310.35,10021,490,0,0
1,325,255,10024,110,58579,11342.29,10024,497,0,0
1,326,255,10284,110,64364,11843.02,10284,504,0,0
1,327,255,10306,110,64364,11887.57,10306,511,0,0
1,328,255,10428,110,64364,12031.23,10428,518,0,0
1,329,255,10535,110,64364,12161.03,10535,525,0,0
1,330,255,10729,110,64364,12419.10,10729,532,0,0
1,331,255,10780,110,64364,12427.90,10780,539,0,0
1,332,255,10738,110,64364,12394.19,10738,546,0,0
1,333,255,10879,110,64364,12521.68,10879,553,0,0
1,334,255,10956,110,64364,12682.49,10956,560,0,0
1,335,255,10966,110,64364,12685.79,10966,567,0,0
1,336,255,11046,110,64364,12812.31,11046,574,0,0
1,337,255,11224,110,64364,13020.88,11224,581,0,0
1,338,255,11229,110,64364,13039.04,11229,588,0,0
1,339,255,11285,110,64364,13092.94,11285,595,0,0
1,340,255,11434,110,64364,13270.39,11434,602,0,0
1,341,255,11704,110,64364,13493.04,11704,609,0,0
1,342,255,11771,110,64364,13620.44,11771,616,0,0
1,343,255,11764,110,64364,13627.92,11764,623,0,0
1,344,255,11831,110,64364,13643.27,11831,630,0,0
1,345,255,12150,110,69186,13973.19,12150,637,0,0
1,346,255,12331,110,69186,14202.28,12331,644,0,0
1,347,255,12519,110,69186,14465.01,12519,651,0,0
1,348,255,12679,110,74908,14746.46,12679,658,0,0
1,349,255,12707,110,74908,14803.33,12707,665,0,0
1,350,255,12971,110,89033,15281.69,12971,672,0,0
1,351,255,13069,110,89033,15447.13,13069,679,0,0
1,352,255,13139,110,89033,15479.10,13139,686,0,0
1,353,255,13365,110,89033,15678.80,13365,693,0,0
1,354,255,13571,110,89033,15910.89,13571,700,0,0
1,355,255,13622,110,89033,15986.75,13622,707,0,0
1,356,255,13740,110,89033,16003.47,13740,714,0,0
1,357,255,13851,110,89033,16201.25,13851,721,0,0
1,358,255,13909,110,89033,16260.51,13909,728,0,0
1,359,255,14105,110,89033,16505.42,14105,735,0,0
1,360,255,14255,110,89033,16762.73,14255,742,0,0
1,361,255,14306,110,89033,16894.43,14306,749,0,0
1,362,255,14361,110,89033,16890.16,14361,756,0,0
1,363,255,14559,110,89033,17179.43,14559,763,0,0
1,364,255,14864,110,89033,17576.54,14864,770,0,0
1,365,255,14861,110,89033,17577.02,14861,777,0,0
1,366,255,14830,110,89033,17582.19,14830,784,0,0
1,367,255,14863,110,89033,17546.74,14863,791,0,0
1,368,255,14891,110,89033,17547.07,14891,798,0,0
1,369,255,14993,110,89033,17624.79,14993,805,0,0
1,370,255,15101,110,89033,17711.51,15101,812,0,0
1,371,255,15130,110,89033,17698.65,15130,819,0,0
1,372,255,15186,110,89033,17757.24,15186,826,0,0
1,373,255,15118,110,89033,17717.80,15118,833,0,0
1,374,255,15196,110,89033,17800.75,15196,840,0,0
1,375,255,15171,110,89033,17869.29,15171,847,0,0
1,376,255,15266,110,89033,17949.78,15266,854,0,0
1,377,255,15298,110,89033,17980.75,15298,861,0,0
1,378,255,15327,110,89033,17989.03,15327,868,0,0
1,379,255,15437,110,89033,18083.93,15437,875,0,0
1,380,255,15476,110,89033,18084.81,15476,882,0,0
1,381,255,15596,110,89033,18206.08,15596,889,0,0
1,382,255,15783,110,89033,18329.34,15783,896,0,0
1,383,255,15826,110,89033,18331.16,15826,903,0,0
1,384,255,15845,110,89033,18325.05,15845,910,0,0
1,385,255,15860,110,89033,18309.79,15860,917,0,0
1,386,255,15930,110,89033,18314.71,15930,924,0,0
1,387,255,15968,110,89033,18312.15,15968,931,0,0
1,388,255,16006,110,89033,18306.46,16006,938,0,0
1,389,255,16106,110,89033,18314.61,16106,945,0,0
1,390,255,16181,110,89033,18335.37,16181,952,0,0
1,391,255,16209,110,89033,18353.12,16209,959,0,0
1,392,255,16297,110,89033,18398.97,16297,966,0,0
1,393,255,16306,110,89033,18413.99,16306,973,0,0
1,394,255,16316,110,89033,18394.29,16316,980,0,0
1,395,255,16352,110,89033,18396.02,16352,987,0,0
1,396,255,16406,110,89033,18390.62,16406,994,0,0
1,397,255,16524,110,89033,18398.95,16524,1001,0,0
1,398,255,16572,110,89033,18388.19,16572,1008,0,0
1,399,255,16528,110,89033,18378.68,16528,1015,0,0
1,400,255,16545,110,89033,18376.04,16545,1022,0,0
1,401,255,16580,110,89033,18350.40,16580,1029,0,0
1,402,255,16560,110,89033,18331.80,16560,1036,0,0
1,403,255,16641,110,89033,18329.73,16641,1043,0,0
1,404,255,16705,110,89033,18335.28,16705,1050,0,0
1,405,255,16735,110,89033,18366.08,16735,1057,0,0
1,406,255,16720,110,89033,18360.67,16720,1064,0,0
1,407,255,16805,110,89033,18389.92,16805,1071,0,0
1,408,255,16791,110,89033,18362.39,16791,1078,0,0
1,409,255,16841,110,89033,18385.46,16841,1085,0,0
1,410,255,16884,110,89033,18380.84,16884,1092,0,0
1,411,255,16925,110,89033,18418.31,16925,1099,0,0
1,412,255,16846,110,89033,18399.58,16846,1106,0,0
1,413,255,16871,110,89033,18412.88,16871,1113,0,0
1,414,255,16896,110,89033,18410.91,16896,1120,0,0
1,415,255,16934,110,89033,18437.54,16934,1127,0,0
1,416,255,17052,110,89033,18492.30,17052,1134,0,0
1,417,255,17007,110,89033,18453.85,17007,1141,0,0
1,418,255,17062,110,89033,18487.13,17062,1148,0,0
1,419,255,17083,110,89033,18520.17,17083,1155,0,0
1,420,255,17128,110,89033,18517.70,17128,1162,0,0
1,421,255,17158,110,89033,18557.38,17158,1169,0,0
1,422,255,17154,110,89033,18546.95,17154,1176,0,0
1,423,255,17156,110,89033,18530.88,17156,1183,0,0
1,424,255,17244,110,89033,18587.25,17244,1190,0,0
1,425,255,17294,110,89033,18573.61,17294,1197,0,0
1,426,255,17345,110,89033,18551.89,17345,1204,0,0
1,427,255,17508,110,89033,18682.32,17508,1211,0,0
1,428,255,17530,110,89033,18671.01,17530,1218,0,0
1,429,255,17545,110,89033,18703.87,17545,1225,0,0
1,430,255,17526,110,89033,18674.46,17526,1232,0,0
1,431,255,17576,110,89033,18716.10,17576,1239,0,0
1,432,255,17614,110,89033,18729.06,17614,1246,0,0
1,433,255,17599,110,89033,18710.99,17599,1253,0,0
1,434,255,17602,110,89033,18684.98,17602,1260,0,0
1,435,255,17671,110,89033,18751.59,17671,1267,0,0
1,436,255,17733,110,89033,18771.59,17733,1274,0,0
1,437,255,17818,110,89033,18836.02,17818,1281,0,0
1,438,255,17909,110,89033,18894.30,17909,1288,0,0
1,439,255,17827,110,89033,18877.52,17827,1295,0,0
1,440,255,17809,110,89033,18865.97,17809,1302,0,0
1,441,255,17861,110,89033,18841.37,17861,1309,0,0
1,442,255,17859,110,89033,18847.61,17859,1316,0,0
1,443,255,17842,110,89033,18839.04,17842,1323,0,0
1,444,255,17899,110,89033,18887.51,17899,1330,0,0
1,445,255,17920,110,89033,18873.53,17920,1337,0,0
1,446,255,17953,110,89033,18854.29,17953,1344,0,0
1,447,255,17967,110,89033,18848.22,17967,1351,0,0
1,448,255,17935,110,89033,18832.08,17935,1358,0,0
1,449,255,17941,110,89033,18851.09,17941,1365,0,0
1,450,255,17974,110,89033,18876.95,17974,1372,0,0
1,451,255,17971,110,89033,18859.93,17971,1379,0,0
1,452,255,18096,110,89033,18944.63,18096,1386,0,0
1,453,255,18131,110,89033,18956.40,18131,1393,0,0
1,454,255,18126,110,89033,18946.78,18126,1400,0,0
1,455,255,18193,110,89033,18988.96,18193,1407,0,0
1,456,255,18238,110,89033,19001.37,18238,1414,0,0
1,457,255,18219,110,89033,18991.93,18219,1421,0,0
1,458,255,18331,110,89033,19039.62,18331,1428,0,0
1,459,255,18411,110,89033,19107.16,18411,1435,0,0
1,460,255,18480,110,89033,19110.12,18480,1442,0,0
1,461,255,18578,110,89033,19194.53,18578,1449,0,0
1,462,255,18615,110,89033,19211.24,18615,1456,0,0
1,463,255,18699,110,89033,19295.59,18699,1463,0,0
1,464,255,18809,110,89033,19395.86,18809,1470,0,0
1,465,255,18848,110,89033,19423.78,18848,1477,0,0
1,466,255,18948,110,89033,19513.65,18948,1484,0,0
1,467,255,19001,110,89033,19508.80,19001,1491,0,0
1,468,255,19073,110,89033,19523.72,19073,1498,0,0
1,469,255,19121,110,89033,19560.58,19121,1505,0,0
1,470,255,19236,110,89033,19684.43,19236,1512,0,0
1,471,255,19309,110,89033,19716.33,19309,1519,0,0
1,472,255,19396,110,89033,19779.89,19396,1526,0,0
1,473,255,19486,110,89033,19822.51,19486,1533,0,0
1,474,255,19598,110,89033,19933.77,19598,1540,0,0
1,475,255,19637,110,89033,19948.59,19637,1547,0,0
1,476,255,19666,110,89033,19979.02,19666,1554,0,0
1,477,255,19805,110,89033,20048.24,19805,1561,0,0
1,478,255,19874,110,89033,20141.64,19874,1568,0,0
1,479,255,19840,110,89033,20145.21,19840,1575,0,0
1,480,255,19952,110,89033,20247.71,19952,1582,0,0
1,481,255,20072,110,91225,20404.09,20072,1589,0,0
1,482,255,20218,110,91225,20497.95,20218,1596,0,0
1,483,255,20238,110,91225,20488.44,20238,1603,0,0
1,484,255,20299,110,91225,20508.81,20299,1610,0,0
1,485,255,20388,110,91225,20598.73,20388,1617,0,0
1,486,255,20487,110,91225,20652.16,20487,1624,0,0
1,487,255,20574,110,91225,20711.64,20574,1631,0,0
1,488,255,20633,110,91225,20773.15,20633,1638,0,0
1,489,255,20688,110,91225,20786.94,20688,1645,0,0
1,490,255,20786,110,91225,20885.84,20786,1652,0,0
1,491,255,20848,110,91225,20968.19,20848,1659,0,0
1,492,255,20862,110,91225,20996.37,20862,1666,0,0
1,493,255,20884,110,91225,21015.49,20884,1673,0,0
1,494,255,20867,110,91225,20988.25,20867,1680,0,0
1,495,255,20967,110,91225,21046.12,20967,1687,0,0
1,496,255,21009,110,91225,21068.98,21009,1694,0,0
1,497,255,21109,110,91225,21139.87,21109,1701,0,0
1,498,255,21221,110,91225,21225.97,21221,1708,0,0
1,499,255,21217,110,91225,21210.62,21217,1715,0,0
1,500,255,21204,110,91225,21222.66,21204,1722,0,0
1,501,255,21229,110,91225,21276.15,21229,1729,0,0
1,502,255,21269,110,91225,21297.04,21269,1736,0,0
1,503,255,21406,110,91225,21382.88,21406,1743,0,0
1,504,255,21466,110,91225,21448.52,21466,1750,0,0
1,505,255,21522,110,91225,21518.75,21522,1757,0,0
1,506,255,21627,110,91225,21592.04,21627,1764,0,0
1,507,255,21661,110,91225,21599.65,21661,1771,0,0
1,508,255,21685,110,91225,21631.50,21685,1778,0,0
1,509,255,21725,110,91225,21659.99,21725,1785,0,0
1,510,255,21747,110,91225,21682.77,21747,1792,0,0
1,511,255,21838,110,91225,21733.10,21838,1799,0,0
1,512,255,21937,110,91225,21822.68,21937,1806,0,0
1,513,255,22046,110,91225,21875.43,22046,1813,0,0
1,514,255,22087,110,96369,21936.23,22087,1820,0,0
1,515,255,22163,110,96369,21964.36,22163,1827,0,0
1,516,255,22143,110,96369,21961.14,22143,1834,0,0
1,517,255,22241,110,96369,22058.43,22241,1841,0,0
1,518,255,22332,110,102685,22190.91,22332,1848,0,0
1,519,255,22331,110,102685,22183.82,22331,1855,0,0
1,520,255,22410,110,102685,22230.79,22410,1862,0,0
1,521,255,22447,110,102685,22299.22,22447,1869,0,0
1,522,255,22424,110,102685,22293.70,22424,1876,0,0
1,523,255,22456,110,102685,22300.37,22456,1883,0,0
1,524,255,22541,110,102685,22349.53,22541,1890,0,0
1,525,255,22610,110,102685,22405.23,22610,1897,0,0
1,526,255,22659,110,102685,22496.91,22659,1904,0,0
1,527,255,22714,110,102685,22521.19,22714,1911,0,0
1,528,255,22752,110,102685,22549.51,22752,1918,0,0
1,529,255,22819,110,102685,22596.78,22819,1925,0,0
1,530,255,22911,110,104152,22702.81,22911,1932,0,0
1,531,255,23004,110,104152,22762.33,23004,1939,0,0
1,532,255,23067,110,104152,22826.47,23067,1946,0,0
1,533,255,23136,110,104152,22836.73,23136,1953,0,0
1,534,255,23218,110,104152,22912.58,23218,1960,0,0
1,535,255,23354,110,109425,23083.89,23354,1967,0,0
1,536,255,23517,110,109425,23238.58,23517,1974,0,0
1,537,255,23585,110,110234,23329.42,23585,1981,0,0
1,538,255,23704,110,110234,23387.62,23704,1988,0,0
1,539,255,23753,110,110234,23432.48,23753,1995,0,0
1,540,255,23752,110,110234,23423.05,23752,2002,0,0
1,541,255,23794,110,110234,23425.68,23794,2009,0,0
1,542,255,23834,110,110234,23462.71,23834,2016,0,0
1,543,255,23866,110,110234,23470.90,23866,2023,0,0
1,544,255,23995,110,110234,23570.30,23995,2030,0,0
1,545,255,24030,110,110234,23610.57,24030,2037,0,0
1,546,255,24054,110,110234,23624.07,24054,2044,0,0
1,547,255,24101,110,110234,23678.65,24101,2051,0,0
1,548,255,24164,110,110234,23749.38,24164,2058,0,0
1,549,255,24195,110,110234,23799.69,24195,2065,0,0
1,550,255,24264,110,110234,23861.32,24264,2072,0,0
1,551,255,24333,110,110234,23917.79,24333,2079,0,0
1,552,255,24413,110,110234,24000.66,24413,2086,0,0
1,553,255,24376,110,110234,23975.17,24376,2093,0,0
1,554,255,24501,110,110234,24105.61,24501,2100,0,0
1,555,255,24534,110,110234,24135.39,24534,2107,0,0
1,556,255,24609,110,110234,24164.37,24609,2114,0,0
1,557,255,24669,110,110234,24215.68,24669,2121,0,0
1,558,255,24707,110,110234,24264.26,24707,2128,0,0
1,559,255,24761,110,110234,24318.00,24761,2135,0,0
1,560,255,24838,110,110234,24423.15,24838,2142,0,0
1,561,255,24969,110,110234,24504.41,24969,2149,0,0
1,562,255,25086,110,119621,24636.99,25086,2156,0,0
1,563,255,25119,110,119621,24669.86,25119,2163,0,0
1,564,255,25289,110,119621,24836.16,25289,2170,0,0
1,565,255,25439,110,119621,24991.99,25439,2177,0,0
1,566,255,25444,110,119621,24986.34,25444,2184,0,0
1,567,255,25522,110,119621,25073.09,25522,2191,0,0
1,568,255,25590,110,119621,25111.87,25590,2198,0,0
1,569,255,25689,110,119621,25239.46,25689,2205,0,0
1,570,255,25751,110,119621,25263.64,25751,2212,0,0
1,571,255,25793,110,119621,25290.22,25793,2219,0,0
1,572,255,25865,110,119621,25347.88,25865,2226,0,0
1,573,255,25891,110,119621,25392.91,25891,2233,0,0
1,574,255,25978,110,119621,25454.68,25978,2240,0,0
1,575,255,26116,110,119621,25554.53,26116,2247,0,0
1,576,255,26203,110,119621,25643.37,26203,2254,0,0
1,577,255,26293,110,119621,25685.22,26293,2261,0,0
1,578,255,26369,110,119621,25717.69,26369,2268,0,0
1,579,255,26469,110,119621,25773.36,26469,2275,0,0
1,580,255,26520,110,119621,25807.19,26520,2282,0,0
1,581,255,26578,110,119621,25846.91,26578,2289,0,0
1,582,255,26698,110,119621,25948.49,26698,2296,0,0
1,583,255,26824,110,119621,26021.75,26824,2303,0,0
1,584,255,26873,110,119621,26047.83,26873,2310,0,0
1,585,255,26965,110,124826,26135.43,26965,2317,0,0
1,586,255,27114,110,124826,26300.28,27114,2324,0,0
1,587,255,27242,110,124826,26393.81,27242,2331,0,0
1,588,255,27292,110,124826,26427.23,27292,2338,0,0
1,589,255,27375,110,124826,26505.21,27375,2345,0,0
1,590,255,27433,110,124826,26545.17,27433,2352,0,0
1,591,255,27510,110,124826,26576.20,27510,2359,0,0
1,592,255,27592,110,124826,26649.05,27592,2366,0,0
1,593,255,27735,110,126530,26834.55,27735,2373,0,0
1,594,255,27817,110,126530,26884.82,27817,2380,0,0
1,595,255,27912,110,126530,26926.24,27912,2387,0,0
1,596,255,27953,110,126530,26948.10,27953,2394,0,0
1,597,255,27989,110,126530,26993.58,27989,2401,0,0
1,598,255,28094,110,140255,27120.97,28094,2408,0,0
1,599,255,28158,110,140255,27216.33,28158,2415,0,0
1,600,255,28215,110,140255,27251.05,28215,2422,0,0
1,601,255,28330,110,140255,27370.47,28330,2429,0,0
1,602,255,28406,110,140255,27442.95,28406,2436,0,0
1,603,255,28517,110,140255,27558.67,28517,2443,0,0
1,604,255,28631,110,140255,27702.46,28631,2450,0,0
1,605,255,28768,110,141874,27885.54,28768,2457,0,0
1,606,255,28844,110,141874,27924.90,28844,2464,0,0
1,607,255,28961,110,141874,28046.53,28961,2471,0,0
1,608,255,29002,110,141874,28092.45,29002,2478,0,0
1,609,255,29051,110,141874,28143.17,29051,2485,0,0
1,610,255,29124,110,141874,28218.71,29124,2492,0,0
1,611,255,29191,110,141874,28260.81,29191,2499,0,0
1,612,255,29282,110,141874,28325.22,29282,2506,0,0
1,613,255,29318,110,141874,28336.27,29318,2513,0,0
1,614,255,29321,110,141874,28355.24,29321,2520,0,0
1,615,255,29363,110,141874,28366.22,29363,2527,0,0
1,616,255,29342,110,141874,28357.77,29342,2534,0,0
1,617,255,29408,110,141874,28443.67,29408,2541,0,0
1,618,255,29513,110,141874,28527.82,29513,2548,0,0
1,619,255,29582,110,141874,28574.04,29582,2555,0,0
1,620,255,29589,110,141874,28585.74,29589,2562,0,0
1,621,255,29636,110,141874,28606.14,29636,2569,0,0
1,622,255,29723,110,141874,28677.81,29723,2576,0,0
1,623,255,29832,110,141874,28798.37,29832,2583,0,0
1,624,255,29942,110,141874,28870.16,29942,2590,0,0
1,625,255,30019,110,141874,28922.40,30019,2597,0,0
1,626,255,30128,110,141874,29007.91,30128,2604,0,0
1,627,255,30189,110,141874,29062.39,30189,2611,0,0
1,628,255,30323,110,141874,29197.88,30323,2618,0,0
1,629,255,30406,110,141874,29264.10,30406,2625,0,0
1,630,255,30526,110,141874,29396.26,30526,2632,0,0
1,631,255,30631,110,141874,29443.85,30631,2639,0,0
1,632,255,30717,110,141874,29534.79,30717,2646,0,0
1,633,255,30794,110,141874,29598.45,30794,2653,0,0
1,634,255,30898,110,141874,29679.34,30898,2660,0,0
1,635,255,30964,110,141874,29686.97,30964,2667,0,0
1,636,255,31015,110,141874,29729.41,31015,2674,0,0
1,637,255,31114,110,141874,29908.77,31114,2681,0,0
1,638,255,31272,110,150906,30086.78,31272,2688,0,0
1,639,255,31369,110,150906,30190.14,31369,2695,0,0
1,640,255,31411,110,150906,30218.75,31411,2702,0,0
1,641,255,31523,110,150906,30310.51,31523,2709,0,0
1,642,255,31595,110,150906,30355.46,31595,2716,0,0
1,643,255,31686,110,150906,30420.79,31686,2723,0,0
1,644,255,31788,110,150906,30483.18,31788,2730,0,0
1,645,255,31901,110,150906,30613.97,31901,2737,0,0
1,646,255,31970,110,150906,30651.59,31970,2744,0,0
1,647,255,32062,110,150906,30693.25,32062,2751,0,0
1,648,255,32191,110,150906,30812.58,32191,2758,0,0
1,649,255,32291,110,150906,30903.65,32291,2765,0,0
1,650,255,32439,110,150906,31016.55,32439,2772,0,0
1,651,255,32588,110,150906,31129.69,32588,2779,0,0
1,652,255,32663,110,150906,31195.85,32663,2786,0,0
1,653,255,32739,110,150906,31242.80,32739,2793,0,0
1,654,255,32860,110,150906,31322.87,32860,2800,0,0
1,655,255,32923,110,150906,31426.23,32923,2807,0,0
1,656,255,32990,110,150906,31500.09,32990,2814,0,0
1,657,255,33074,110,150906,31528.19,33074,2821,0,0
1,658,255,33194,110,150906,31656.90,33194,2828,0,0
1,659,255,33328,110,150906,31748.58,33328,2835,0,0
1,660,255,33361,110,150906,31789.46,33361,2842,0,0
1,661,255,33458,110,150906,31867.03,33458,2849,0,0
1,662,255,33563,110,150906,31907.11,33563,2856,0,0
1,663,255,33621,110,150906,31942.36,33621,2863,0,0
1,664,255,33753,110,150906,32030.46,33753,2870,0,0
1,665,255,33844,110,150906,32090.15,33844,2877,0,0
1,666,255,33990,110,150906,32210.37,33990,2884,0,0
1,667,255,34088,110,150906,32353.91,34088,2891,0,0
1,668,255,34253,110,150906,32524.19,34253,2898,0,0
1,669,255,34275,110,150906,32542.82,34275,2905,0,0
1,670,255,34372,110,150906,32601.14,34372,2912,0,0
1,671,255,34512,110,150906,32707.94,34512,2919,0,0
1,672,255,34541,110,150906,32714.92,34541,2926,0,0
1,673,255,34639,110,167089,32860.14,34639,2933,0,0
1,674,255,34714,110,167089,32889.75,34714,2940,0,0
1,675,255,34787,110,167089,32920.46,34787,2947,0,0
1,676,255,34850,110,167089,32986.95,34850,2954,0,0
1,677,255,34984,110,167089,33096.61,34984,2961,0,0
1,678,255,35056,110,167089,33164.78,35056,2968,0,0
1,679,255,35125,110,167089,33264.57,35125,2975,0,0
1,680,255,35285,110,167089,33463.97,35285,2982,0,0
1,681,255,35344,110,167089,33506.92,35344,2989,0,0
1,682,255,35496,110,172519,33673.52,35496,2996,0,0
1,683,255,35545,110,172519,33663.54,35545,3003,0,0
1,684,255,35676,110,172519,33776.65,35676,3010,0,0
1,685,255,35827,110,172519,33976.25,35827,3017,0,0
1,686,255,35923,110,172519,34033.90,35923,3024,0,0
1,687,255,36027,110,172519,34119.77,36027,3031,0,0
1,688,255,36132,110,172519,34192.95,36132,3038,0,0
1,689,255,36243,110,172519,34274.73,36243,3045,0,0
1,690,255,36377,110,172519,34437.28,36377,3052,0,0
1,691,255,36481,110,172519,34534.92,36481,3059,0,0
1,692,255,36584,110,172519,34625.08,36584,3066,0,0
1,693,255,36648,110,172519,34675.85,36648,3073,0,0
1,694,255,36672,110,172519,34699.13,36672,3080,0,0
1,695,255,36739,110,172519,34753.05,36739,3087,0,0
1,696,255,36789,110,172519,34759.25,36789,3094,0,0
1,697,255,36837,110,172519,34790.05,36837,3101,0,0
1,698,255,36917,110,172519,34845.37,36917,3108,0,0
1,699,255,37095,110,172519,35030.84,37095,3115,0,0
1,700,255,37187,110,172519,35081.69,37187,3122,0,0
1,701,255,37258,110,172519,35164.27,37258,3129,0,0
1,702,255,37362,110,172519,35249.25,37362,3136,0,0
1,703,255,37440,110,172519,35321.72,37440,3143,0,0
1,704,255,37507,110,172519,35355.80,37507,3150,0,0
1,705,255,37644,110,172519,35478.11,37644,3157,0,0
1,706,255,37736,110,172519,35538.25,37736,3164,0,0
1,707,255,37872,110,172519,35678.74,37872,3171,0,0
1,708,255,37963,110,172519,35765.16,37963,3178,0,0
1,709,255,37980,110,172519,35779.54,37980,3185,0,0
1,710,255,38064,110,172519,35857.12,38064,3192,0,0
1,711,255,38117,110,172519,35891.24,38117,3199,0,0
1,712,255,38236,110,172519,36010.62,38236,3206,0,0
1,713,255,38404,110,195779,36211.26,38404,3213,0,0
1,714,255,38561,110,195779,36351.24,38561,3220,0,0
1,715,255,38629,110,195779,36425.83,38629,3227,0,0
1,716,255,38711,110,195779,36493.87,38711,3234,0,0
1,717,255,38825,110,195779,36591.67,38825,3241,0,0
1,718,255,38859,110,195779,36640.66,38859,3248,0,0
1,719,255,38931,110,195779,36697.43,38931,3255,0,0
1,720,255,39004,110,195779,36724.38,39004,3262,0,0
1,721,255,39072,110,195779,36765.21,39072,3269,0,0
1,722,255,39191,110,195779,36867.39,39191,3276,0,0
1,723,255,39328,110,195779,37033.78,39328,3283,0,0
1,724,255,39414,110,195779,37089.74,39414,3290,0,0
1,725,255,39468,110,195779,37101.82,39468,3297,0,0
1,726,255,39551,110,195779,37201.16,39551,3304,0,0
1,727,255,39594,110,195779,37218.14,39594,3311,0,0
1,728,255,39711,110,195779,37352.00,39711,3318,0,0
1,729,255,39867,110,195779,37487.54,39867,3325,0,0
1,730,255,39987,110,195779,37619.49,39987,3332,0,0
1,731,255,40003,110,195779,37635.33,40003,3339,0,0
1,732,255,40072,110,195779,37704.29,40072,3346,0,0
1,733,255,40109,110,195779,37715.56,40109,3353,0,0
1,734,255,40227,110,195779,37825.40,40227,3360,0,0
1,735,255,40304,110,199508,37922.46,40304,3367,0,0
1,736,255,40407,110,199508,37983.57,40407,3374,0,0
1,737,255,40564,110,201737,38256.00,40564,3381,0,0
1,738,255,40696,110,201737,38372.73,40696,3388,0,0
1,739,255,40802,110,201737,38506.00,40802,3395,0,0
1,740,255,40908,110,201737,38580.59,40908,3402,0,0
1,741,255,41010,110,201737,38650.12,41010,3409,0,0
1,742,255,41059,110,201737,38690.17,41059,3416,0,0
1,743,255,41121,110,201737,38738.03,41121,3423,0,0
1,744,255,41197,110,201737,38774.28,41197,3430,0,0
1,745,255,41254,110,201737,38823.97,41254,3437,0,0
1,746,255,41386,110,201737,38934.49,41386,3444,0,0
1,747,255,41525,110,201737,39045.69,41525,3451,0,0
1,748,255,41600,110,201737,39080.39,41600,3458,0,0
1,749,255,41778,110,201737,39340.79,41778,3465,0,0
1,750,255,41925,110,201737,39508.64,41925,3472,0,0
1,751,255,42010,110,201737,39530.79,42010,3479,0,0
1,752,255,42169,110,201737,39682.81,42169,3486,0,0
1,753,255,42313,110,201737,39809.51,42313,3493,0,0
1,754,255,42365,110,201737,39833.97,42365,3500,0,0
1,755,255,42524,110,201737,40001.03,42524,3507,0,0
1,756,255,42539,110,201737,40022.54,42539,3514,0,0
1,757,255,42681,110,201737,40155.84,42681,3521,0,0
1,758,255,42774,110,201737,40216.43,42774,3528,0,0
1,759,255,42877,110,201737,40308.55,42877,3535,0,0
1,760,255,42970,110,201737,40358.19,42970,3542,0,0
1,761,255,43135,110,201737,40545.29,43135,3549,0,0
1,762,255,43202,110,201737,40582.49,43202,3556,0,0
1,763,255,43307,110,219892,40710.00,43307,3563,0,0
1,764,255,43408,110,219892,40777.79,43408,3570,0,0
1,765,255,43468,110,219892,40812.01,43468,3577,0,0
1,766,255,43536,110,219892,40845.20,43536,3584,0,0
1,767,255,43637,110,219892,40969.65,43637,3591,0,0
1,768,255,43658,110,219892,40977.93,43658,3598,0,0
1,769,255,43686,110,219892,40992.52,43686,3605,0,0
1,770,255,43781,110,219892,41046.89,43781,3612,0,0
1,771,255,43820,110,219892,41068.02,43820,3619,0,0
1,772,255,43959,110,219892,41196.62,43959,3626,0,0
1,773,255,44045,110,219892,41246.16,44045,3633,0,0
1,774,255,44084,110,219892,41289.18,44084,3640,0,0
1,775,255,44259,110,219892,41464.53,44259,3647,0,0
1,776,255,44370,110,219892,41579.07,44370,3654,0,0
1,777,255,44478,110,219892,41673.52,44478,3661,0,0
1,778,255,44550,110,219892,41703.78,44550,3668,0,0
1,779,255,44660,110,219892,41797.98,44660,3675,0,0
1,780,255,44791,110,219892,41969.19,44791,3682,0,0
1,781,255,44895,110,219892,42090.66,44895,3689,0,0
1,782,255,44979,110,219892,42135.73,44979,3696,0,0
1,783,255,45009,110,219892,42157.42,45009,3703,0,0
1,784,255,45104,110,219892,42235.18,45104,3710,0,0
1,785,255,45226,110,219892,42320.11,45226,3717,0,0
1,786,255,45346,110,219892,42418.37,45346,3724,0,0
1,787,255,45457,110,223492,42522.70,45457,3731,0,0
1,788,255,45542,110,223492,42574.52,45542,3738,0,0
1,789,255,45659,110,223492,42673.06,45659,3745,0,0
1,790,255,45848,110,223492,42866.36,45848,3752,0,0
1,791,255,45921,110,223492,42897.90,45921,3759,0,0
1,792,255,45928,110,223492,42898.40,45928,3766,0,0
1,793,255,46027,110,223492,42943.08,46027,3773,0,0
1,794,255,46214,110,223492,43139.21,46214,3780,0,0
1,795,255,46277,110,223492,43199.72,46277,3787,0,0
1,796,255,46360,110,223492,43243.73,46360,3794,0,0
1,797,255,46516,110,223492,43391.42,46516,3801,0,0
1,798,255,46615,110,223492,43437.71,46615,3808,0,0
1,799,255,46744,110,223492,43539.38,46744,3815,0,0
1,800,255,46787,110,223492,43570.72,46787,3822,0,0
1,801,255,46835,110,223492,43569.53,46835,3829,0,0
1,802,255,46993,110,223492,43711.06,46993,3836,0,0
1,803,255,47029,110,236480,43791.18,47029,3843,0,0
1,804,255,47094,110,236480,43876.60,47094,3850,0,0
1,805,255,47272,110,236480,44090.27,47272,3857,0,0
1,806,255,47388,110,236480,44184.67,47388,3864,0,0
1,807,255,47453,110,236480,44212.53,47453,3871,0,0
1,808,255,47490,110,236480,44204.51,47490,3878,0,0
1,809,255,47562,110,236480,44239.66,47562,3885,0,0
1,810,255,47738,110,236480,44444.97,47738,3892,0,0
1,811,255,47869,110,236480,44534.33,47869,3899,0,0
1,812,255,47978,110,236480,44633.66,47978,3906,0,0
1,813,255,48086,110,236480,44714.91,48086,3913,0,0
1,814,255,48202,110,236480,44787.08,48202,3920,0,0
1,815,255,48335,110,236480,44921.30,48335,3927,0,0
1,816,255,48479,110,236480,45037.32,48479,3934,0,0
1,817,255,48655,110,250187,45299.97,48655,3941,0,0
1,818,255,48855,110,250187,45540.88,48855,3948,0,0
1,819,255,48929,110,250187,45607.58,48929,3955,0,0
1,820,255,49061,110,250187,45700.72,49061,3962,0,0
1,821,255,49150,110,250187,45759.47,49150,3969,0,0
1,822,255,49185,110,250187,45772.22,49185,3976,0,0
1,823,255,49234,110,250187,45824.64,49234,3983,0,0
1,824,255,49389,110,250187,45971.05,49389,3990,0,0
1,825,255,49501,110,250187,46056.85,49501,3997,0,0
1,826,255,49689,110,250187,46239.14,49689,4004,0,0
1,827,255,49771,110,250187,46290.36,49771,4011,0,0
1,828,255,49860,110,250187,46372.80,49860,4018,0,0
1,829,255,49965,110,250187,46477.05,49965,4025,0,0
1,830,255,50025,110,250187,46545.24,50025,4032,0,0
1,831,255,50180,110,250187,46732.49,50180,4039,0,0
1,832,255,50342,110,250187,46943.31,50342,4046,0,0
1,833,255,50447,110,250187,47027.19,50447,4053,0,0
1,834,255,50620,110,262818,47257.12,50620,4060,0,0
1,835,255,50759,110,262818,47352.81,50759,4067,0,0
1,836,255,50841,110,262818,47401.80,50841,4074,0,0
1,837,255,50942,110,262818,47525.87,50942,4081,0,0
1,838,255,51071,110,262818,47611.05,51071,4088,0,0
1,839,255,51196,110,262818,47736.90,51196,4095,0,0
1,840,255,51307,110,262818,47836.61,51307,4102,0,0
1,841,255,51415,110,262818,47899.72,51415,4109,0,0
1,842,255,51584,110,262818,48101.37,51584,4116,0,0
1,843,255,51653,110,262818,48212.30,51653,4123,0,0
1,844,255,51758,110,262818,48291.43,51758,4130,0,0
1,845,255,51870,110,262818,48377.77,51870,4137,0,0
1,846,255,52007,110,262818,48495.42,52007,4144,0,0
1,847,255,52074,110,262818,48523.17,52074,4151,0,0
1,848,255,52160,110,262818,48561.99,52160,4158,0,0
1,849,255,52214,110,262818,48615.58,52214,4165,0,0
1,850,255,52327,110,262818,48732.12,52327,4172,0,0
1,851,255,52376,110,262818,48737.32,52376,4179,0,0
1,852,255,52476,110,262818,48799.19,52476,4186,0,0
1,853,255,52588,110,262818,48902.71,52588,4193,0,0
1,854,255,52710,110,262818,49003.19,52710,4200,0,0
1,855,255,52837,110,262818,49090.70,52837,4207,0,0
1,856,255,52933,110,262818,49155.84,52933,4214,0,0
1,857,255,52989,110,262818,49181.54,52989,4221,0,0
1,858,255,53171,110,265834,49438.04,53171,4228,0,0
1,859,255,53234,110,265834,49454.82,53234,4235,0,0
1,860,255,53335,110,265834,49553.19,53335,4242,0,0
1,861,255,53536,110,265834,49769.41,53536,4249,0,0
1,862,255,53603,110,265834,49823.41,53603,4256,0,0
1,863,255,53685,110,265834,49876.64,53685,4263,0,0
1,864,255,53834,110,265834,50061.65,53834,4270,0,0
1,865,255,53984,110,265834,50235.98,53984,4277,0,0
1,866,255,54125,110,265834,50341.22,54125,4284,0,0
1,867,255,54280,110,265834,50515.73,54280,4291,0,0
1,868,255,54431,110,265834,50651.94,54431,4298,0,0
1,869,255,54528,110,265834,50748.18,54528,4305,0,0
1,870,255,54619,110,265834,50803.34,54619,4312,0,0
1,871,255,54791,110,265834,50970.24,54791,4319,0,0
1,872,255,54860,110,265834,51000.24,54860,4326,0,0
1,873,255,54932,110,265834,51075.48,54932,4333,0,0
1,874,255,55077,110,265834,51185.39,55077,4340,0,0
1,875,255,55143,110,265834,51237.17,55143,4347,0,0
1,876,255,55334,110,265834,51430.23,55334,4354,0,0
1,877,255,55455,110,265834,51548.45,55455,4361,0,0
1,878,255,55524,110,265834,51624.88,55524,4368,0,0
1,879,255,55661,110,294322,51779.46,55661,4375,0,0
1,880,255,55780,110,294322,51895.29,55780,4382,0,0
1,881,255,55920,110,294322,52029.90,55920,4389,0,0
1,882,255,56104,110,294322,52247.54,56104,4396,0,0
1,883,255,56189,110,294322,52316.24,56189,4403,0,0
1,884,255,56314,110,294322,52429.08,56314,4410,0,0
1,885,255,56435,110,294322,52543.80,56435,4417,0,0
1,886,255,56630,110,294322,52741.12,56630,4424,0,0
1,887,255,56783,110,294322,52875.01,56783,4431,0,0
1,888,255,56937,110,294322,53038.08,56937,4438,0,0
1,889,255,57111,110,294322,53197.74,57111,4445,0,0
1,890,255,57250,110,294322,53345.18,57250,4452,0,0
1,891,255,57393,110,294322,53428.28,57393,4459,0,0
1,892,255,57515,110,294322,53507.70,57515,4466,0,0
1,893,255,57627,110,294322,53584.14,57627,4473,0,0
1,894,255,57803,110,294322,53807.51,57803,4480,0,0
1,895,255,58002,110,294322,54013.51,58002,4487,0,0
1,896,255,58098,110,294322,54058.68,58098,4494,0,0
1,897,255,58222,110,294322,54177.94,58222,4501,0,0
1,898,255,58310,110,294322,54262.87,58310,4508,0,0
1,899,255,58449,110,294322,54368.75,58449,4515,0,0
1,900,255,58561,110,294322,54450.13,58561,4522,0,0
1,901,255,58665,110,294322,54555.92,58665,4529,0,0
1,902,255,58770,110,294322,54608.08,58770,4536,0,0
1,903,255,58740,110,294322,54595.35,58740,4543,0,0
1,904,255,58874,110,294322,54705.60,58874,4550,0,0
1,905,255,59007,110,294322,54827.37,59007,4557,0,0
1,906,255,59146,110,294322,54945.63,59146,4564,0,0
1,907,255,59278,110,294322,55059.35,59278,4571,0,0
1,908,255,59447,110,294322,55270.54,59447,4578,0,0
1,909,255,59581,110,294322,55338.52,59581,4585,0,0
1,910,255,59692,110,294322,55432.98,59692,4592,0,0
1,911,255,59810,110,294322,55525.85,59810,4599,0,0
1,912,255,59921,110,294322,55619.42,59921,4606,0,0
1,913,255,60021,110,294322,55678.81,60021,4613,0,0
1,914,255,60077,110,294322,55721.92,60077,4620,0,0
1,915,255,60219,110,294322,55827.38,60219,4627,0,0
1,916,255,60303,110,294322,55960.18,60303,4634,0,0
1,917,255,60457,110,294322,56081.73,60457,4641,0,0
1,918,255,60629,110,294322,56228.38,60629,4648,0,0
1,919,255,60749,110,294322,56320.17,60749,4655,0,0
1,920,255,60783,110,294322,56367.62,60783,4662,0,0
1,921,255,60908,110,294322,56448.10,60908,4669,0,0
1,922,255,61068,110,294322,56618.85,61068,4676,0,0
1,923,255,61137,110,294322,56709.58,61137,4683,0,0
1,924,255,61217,110,294322,56744.91,61217,4690,0,0
1,925,255,61359,110,294322,56837.11,61359,4697,0,0
1,926,255,61454,110,294322,56883.17,61454,4704,0,0
1,927,255,61605,110,294322,57018.95,61605,4711,0,0
1,928,255,61731,110,294322,57119.73,61731,4718,0,0
1,929,255,61873,110,294322,57259.32,61873,4725,0,0
1,930,255,62011,110,294322,57370.21,62011,4732,0,0
1,931,255,62160,110,294322,57473.81,62160,4739,0,0
1,932,255,62245,110,294322,57545.72,62245,4746,0,0
1,933,255,62402,110,294322,57724.50,62402,4753,0,0
1,934,255,62556,110,294322,57844.49,62556,4760,0,0
1,935,255,62626,110,294322,57918.40,62626,4767,0,0
1,936,255,62735,110,294322,57971.48,62735,4774,0,0
1,937,255,62842,110,294322,58041.55,62842,4781,0,0
1,938,255,62911,110,294322,58079.35,62911,4788,0,0
1,939,255,63080,110,294322,58213.45,63080,4795,0,0
1,940,255,63223,110,294322,58399.00,63223,4802,0,0
1,941,255,63338,110,294322,58510.88,63338,4809,0,0
1,942,255,63466,110,294322,58646.37,63466,4816,0,0
1,943,255,63578,110,294322,58737.83,63578,4823,0,0
1,944,255,63785,110,341159,58993.80,63785,4830,0,0
1,945,255,63950,110,341159,59239.68,63950,4837,0,0
1,946,255,64054,110,341159,59346.64,64054,4844,0,0
1,947,255,64175,110,341159,59453.80,64175,4851,0,0
1,948,255,64324,110,341159,59609.34,64324,4858,0,0
1,949,255,64450,110,341159,59726.53,64450,4865,0,0
1,950,255,64532,110,341159,59787.36,64532,4872,0,0
1,951,255,64590,110,341159,59820.70,64590,4879,0,0
1,952,255,64703,110,341159,59892.89,64703,4886,0,0
1,953,255,64847,110,341159,60040.22,64847,4893,0,0
1,954,255,64982,110,341159,60165.92,64982,4900,0,0
1,955,255,65103,110,341159,60279.33,65103,4907,0,0
1,956,255,65212,110,341159,60388.81,65212,4914,0,0
1,957,255,65314,110,341159,60465.57,65314,4921,0,0
1,958,255,65486,110,341159,60657.04,65486,4928,0,0
1,959,255,65618,110,341159,60756.57,65618,4935,0,0
1,960,255,65769,110,341159,60875.80,65769,4942,0,0
1,961,255,65894,110,341159,61014.44,65894,4949,0,0
1,962,255,65973,110,341159,61066.71,65973,4956,0,0
1,963,255,66070,110,341159,61161.90,66070,4963,0,0
1,964,255,66188,110,341159,61296.87,66188,4970,0,0
1,965,255,66341,110,341159,61429.23,66341,4977,0,0
1,966,255,66457,110,341159,61521.51,66457,4984,0,0
1,967,255,66526,110,341159,61605.55,66526,4991,0,0
1,968,255,66602,110,341159,61636.58,66602,4998,0,0
1,969,255,66801,110,341159,61841.77,66801,5005,0,0
1,970,255,66942,110,341159,61933.03,66942,5012,0,0
1,971,255,67040,110,341159,61996.31,67040,5019,0,0
1,972,255,67214,110,341159,62162.85,67214,5026,0,0
1,973,255,67374,110,341159,62294.94,67374,5033,0,0
1,974,255,67473,110,341159,62377.03,67473,5040,0,0
1,975,255,67570,110,341159,62522.06,67570,5047,0,0
1,976,255,67741,110,341159,62657.54,67741,5054,0,0
1,977,255,67903,110,341159,62819.18,67903,5061,0,0
1,978,255,68003,110,341159,62894.06,68003,5068,0,0
1,979,255,68130,110,341159,62969.40,68130,5075,0,0
1,980,255,68283,110,341159,63097.81,68283,5082,0,0
1,981,255,68408,110,341159,63271.71,68408,5089,0,0
1,982,255,68539,110,341159,63365.30,68539,5096,0,0
1,983,255,68683,110,341159,63472.13,68683,5103,0,0
1,984,255,68850,110,341159,63606.06,68850,5110,0,0
1,985,255,68978,110,341159,63736.64,68978,5117,0,0
1,986,255,69120,110,341159,63882.04,69120,5124,0,0
1,987,255,69271,110,341159,64015.30,69271,5131,0,0
1,988,255,69447,110,341159,64188.21,69447,5138,0,0
1,989,255,69618,110,341159,64364.08,69618,5145,0,0
1,990,255,69742,110,341159,64446.78,69742,5152,0,0
1,991,255,69941,110,341159,64640.37,69941,5159,0,0
1,992,255,70059,110,341159,64741.27,70059,5166,0,0
1,993,255,70171,110,341159,64825.97,70171,5173,0,0
1,994,255,70289,110,341159,64908.70,70289,5180,0,0
1,995,255,70412,110,341159,65021.89,70412,5187,0,0
1,996,255,70551,110,341159,65154.11,70551,5194,0,0
1,997,255,70722,110,341159,65306.29,70722,5201,0,0
1,998,255,70841,110,341159,65425.24,70841,5208,0,0
1,999,255,71009,110,341159,65584.60,71009,5215,0,0
1,1000,255,71184,110,341159,65749.90,71184,5222,0,0
1,1001,255,71279,110,341159,65886.24,71279,5229,0,0
1,1002,255,71382,110,341159,65979.18,71382,5236,0,0
1,1003,255,71518,110,341159,66063.57,71518,5243,0,0
1,1004,255,71656,110,341159,66151.29,71656,5250,0,0
1,1005,255,71743,110,341159,66190.70,71743,5257,0,0
1,1006,255,71879,110,341159,66306.19,71879,5264,0,0
1,1007,255,72046,110,341159,66490.07,72046,5271,0,0
1,1008,255,72152,110,341159,66578.77,72152,5278,0,0
1,1009,255,72249,110,341159,66615.06,72249,5285,0,0
1,1010,255,72350,110,341159,66696.90,72350,5292,0,0
1,1011,255,72468,110,341159,66793.35,72468,5299,0,0
1,1012,255,72619,110,341159,66925.75,72619,5306,0,0
1,1013,255,72774,110,341159,67060.09,72774,5313,0,0
1,1014,255,72829,110,341159,67079.47,72829,5320,0,0
1,1015,255,73022,110,341159,67259.04,73022,5327,0,0
1,1016,255,73179,110,348432,67441.80,73179,5334,0,0
1,1017,255,73342,110,348432,67595.44,73342,5341,0,0
1,1018,255,73406,110,348432,67664.71,73406,5348,0,0
1,1019,255,73468,110,348432,67735.49,73468,5355,0,0
1,1020,255,73581,110,348432,67828.49,73581,5362,0,0
1,1021,255,73724,110,348432,67974.82,73724,5369,0,0
1,1022,255,73888,110,348432,68102.57,73888,5376,0,0
1,1023,255,74027,110,348432,68186.36,74027,5383,0,0
1,1024,255,74130,110,348432,68280.55,74130,5390,0,0
1,1025,255,74305,110,348432,68456.76,74305,5397,0,0
1,1026,255,74459,110,348432,68611.61,74459,5404,0,0
1,1027,255,74638,110,348432,68808.59,74638,5411,0,0
1,1028,255,74772,110,348432,68895.68,74772,5418,0,0
1,1029,255,74971,110,427625,69154.01,74971,5425,0,0
1,1030,255,75128,110,427625,69261.77,75128,5432,0,0
1,1031,255,75285,110,427625,69467.37,75285,5439,0,0
1,1032,255,75394,110,427625,69518.16,75394,5446,0,0
1,1033,255,75570,110,427625,69668.35,75570,5453,0,0
1,1034,255,75686,110,427625,69790.66,75686,5460,0,0
1,1035,255,75844,110,427625,69957.43,75844,5467,0,0
1,1036,255,75970,110,427625,70052.10,75970,5474,0,0
1,1037,255,76166,110,427625,70248.16,76166,5481,0,0
1,1038,255,76389,110,427625,70582.89,76389,5488,0,0
1,1039,255,76517,110,427625,70735.79,76517,5495,0,0
1,1040,255,76630,110,427625,70794.34,76630,5502,0,0
1,1041,255,76764,110,427625,70902.77,76764,5509,0,0
1,1042,255,76902,110,427625,71019.96,76902,5516,0,0
1,1043,255,77068,110,427625,71162.83,77068,5523,0,0
1,1044,255,77224,110,427625,71307.80,77224,5530,0,0
1,1045,255,77327,110,427625,71386.93,77327,5537,0,0
1,1046,255,77407,110,427625,71452.08,77407,5544,0,0
1,1047,255,77533,110,427625,71640.36,77533,5551,0,0
1,1048,255,77609,110,427625,71691.34,77609,5558,0,0
1,1049,255,77840,110,427625,71949.91,77840,5565,0,0
1,1050,255,77981,110,427625,72041.40,77981,5572,0,0
1,1051,255,78109,110,427625,72136.49,78109,5579,0,0
1,1052,255,78202,110,427625,72201.72,78202,5586,0,0
1,1053,255,78285,110,427625,72221.39,78285,5593,0,0
1,1054,255,78374,110,427625,72334.97,78374,5600,0,0
1,1055,255,78525,110,427625,72605.86,78525,5607,0,0
1,1056,255,78698,110,427625,72888.23,78698,5614,0,0
1,1057,255,78804,110,427625,72972.57,78804,5621,0,0
1,1058,255,78935,110,427625,73087.45,78935,5628,0,0
1,1059,255,79134,110,427625,73283.85,79134,5635,0,0
1,1060,255,79265,110,427625,73375.26,79265,5642,0,0
1,1061,255,79407,110,427625,73508.42,79407,5649,0,0
1,1062,255,79498,110,427625,73576.84,79498,5656,0,0
1,1063,255,79679,110,427625,73768.96,79679,5663,0,0
1,1064,255,79839,110,427625,73973.69,79839,5670,0,0
1,1065,255,80006,110,427625,74133.49,80006,5677,0,0
1,1066,255,80143,110,427625,74205.14,80143,5684,0,0
1,1067,255,80223,110,427625,74257.57,80223,5691,0,0
1,1068,255,80398,110,427625,74387.68,80398,5698,0,0
1,1069,255,80594,110,427625,74578.17,80594,5705,0,0
1,1070,255,80726,110,427625,74699.45,80726,5712,0,0
1,1071,255,80816,110,427625,74765.27,80816,5719,0,0
1,1072,255,80995,110,427625,74912.35,80995,5726,0,0
1,1073,255,81127,110,427625,75017.76,81127,5733,0,0
1,1074,255,81210,110,427625,75086.96,81210,5740,0,0
1,1075,255,81352,110,427625,75219.67,81352,5747,0,0
1,1076,255,81481,110,427625,75341.38,81481,5754,0,0
1,1077,255,81601,110,427625,75413.65,81601,5761,0,0
1,1078,255,81733,110,427625,75536.21,81733,5768,0,0
1,1079,255,81834,110,427625,75618.00,81834,5775,0,0
1,1080,255,81932,110,427625,75681.58,81932,5782,0,0
1,1081,255,82116,110,427625,75828.02,82116,5789,0,0
1,1082,255,82249,110,427625,75911.29,82249,5796,0,0
1,1083,255,82434,110,427625,76090.73,82434,5803,0,0
1,1084,255,82498,110,427625,76151.61,82498,5810,0,0
1,1085,255,82728,110,427625,76400.68,82728,5817,0,0
1,1086,255,82895,110,427625,76523.20,82895,5824,0,0
1,1087,255,83060,110,427625,76681.46,83060,5831,0,0
1,1088,255,83251,110,427625,76863.06,83251,5838,0,0
1,1089,255,83412,110,427625,77033.83,83412,5845,0,0
1,1090,255,83441,110,427625,77032.78,83441,5852,0,0
1,1091,255,83628,110,427625,77194.15,83628,5859,0,0
1,1092,255,83746,110,427625,77248.82,83746,5866,0,0
1,1093,255,83884,110,427625,77351.12,83884,5873,0,0
1,1094,255,84096,110,427625,77552.96,84096,5880,0,0
1,1095,255,84187,110,427625,77635.49,84187,5887,0,0
1,1096,255,84359,110,427625,77754.31,84359,5894,0,0
1,1097,255,84554,110,427625,77966.05,84554,5901,0,0
1,1098,255,84696,110,427625,78106.80,84696,5908,0,0
1,1099,255,84887,110,427625,78272.12,84887,5915,0,0
1,1100,255,85003,110,427625,78333.84,85003,5922,0,0
1,1101,255,85209,110,427625,78523.76,85209,5929,0,0
1,1102,255,85329,110,427625,78605.11,85329,5936,0,0
1,1103,255,85490,110,427625,78782.01,85490,5943,0,0
1,1104,255,85556,110,427625,78824.16,85556,5950,0,0
1,1105,255,85717,110,427625,78928.74,85717,5957,0,0
1,1106,255,85912,110,427625,79113.60,85912,5964,0,0
1,1107,255,86007,110,427625,79169.80,86007,5971,0,0
1,1108,255,86149,110,427625,79281.79,86149,5978,0,0
1,1109,255,86295,110,427625,79396.01,86295,5985,0,0
1,1110,255,86443,110,427625,79507.64,86443,5992,0,0
1,1111,255,86607,110,427625,79631.28,86607,5999,0,0
1,1112,255,86767,110,427625,79758.15,86767,6006,0,0
1,1113,255,86930,110,427625,79933.31,86930,6013,0,0
1,1114,255,87109,110,427625,80090.78,87109,6020,0,0
1,1115,255,87228,110,427625,80191.37,87228,6027,0,0
1,1116,255,87381,110,427625,80307.22,87381,6034,0,0
1,1117,255,87532,110,427625,80406.64,87532,6041,0,0
1,1118,255,87684,110,427625,80500.78,87684,6048,0,0
1,1119,255,87813,110,427625,80620.91,87813,6055,0,0
1,1120,255,87932,110,427625,80681.26,87932,6062,0,0
1,1121,255,88136,110,427625,80879.45,88136,6069,0,0
1,1122,255,88303,110,427625,81011.23,88303,6076,0,0
1,1123,255,88418,110,442075,81205.89,88418,6083,0,0
1,1124,255,88631,110,442075,81432.91,88631,6090,0,0
1,1125,255,88683,110,442075,81430.42,88683,6097,0,0
1,1126,255,88764,110,442075,81453.26,88764,6104,0,0
1,1127,255,88902,110,442075,81564.49,88902,6111,0,0
1,1128,255,89074,110,442075,81752.80,89074,6118,0,0
1,1129,255,89313,110,442075,82044.96,89313,6125,0,0
1,1130,255,89465,110,442075,82177.23,89465,6132,0,0
1,1131,255,89606,110,442075,82266.30,89606,6139,0,0
1,1132,255,89765,110,442075,82385.86,89765,6146,0,0
1,1133,255,89896,110,442075,82468.67,89896,6153,0,0
1,1134,255,90095,110,442075,82658.72,90095,6160,0,0
1,1135,255,90229,110,442075,82767.90,90229,6167,0,0
1,1136,255,90294,110,442075,82807.60,90294,6174,0,0
1,1137,255,90428,110,442075,82943.89,90428,6181,0,0
1,1138,255,90617,110,442075,83115.43,90617,6188,0,0
1,1139,255,90771,110,442075,83233.64,90771,6195,0,0
1,1140,255,90945,110,442075,83385.30,90945,6202,0,0
1,1141,255,91070,110,442075,83478.08,91070,6209,0,0
1,1142,255,91227,110,442075,83595.00,91227,6216,0,0
1,1143,255,91421,110,442075,83778.63,91421,6223,0,0
1,1144,255,91621,110,442075,84013.64,91621,6230,0,0
1,1145,255,91813,110,442075,84200.08,91813,6237,0,0
1,1146,255,91997,110,442075,84338.60,91997,6244,0,0
1,1147,255,92164,110,442075,84470.81,92164,6251,0,0
1,1148,255,92309,110,442075,84583.81,92309,6258,0,0
1,1149,255,92428,110,442075,84671.93,92428,6265,0,0
1,1150,255,92633,110,442075,84867.28,92633,6272,0,0
1,1151,255,92685,110,442075,84895.76,92685,6279,0,0
1,1152,255,92874,110,442075,85063.50,92874,6286,0,0
1,1153,255,93065,110,442075,85234.25,93065,6293,0,0
1,1154,255,93217,110,442075,85450.38,93217,6300,0,0
1,1155,255,93420,110,442075,85665.14,93420,6307,0,0
1,1156,255,93579,110,442075,85781.50,93579,6314,0,0
1,1157,255,93762,110,442075,85941.17,93762,6321,0,0
1,1158,255,93962,110,442075,86152.67,93962,6328,0,0
1,1159,255,94126,110,442075,86313.21,94126,6335,0,0
1,1160,255,94267,110,442075,86397.40,94267,6342,0,0
1,1161,255,94414,110,442075,86517.02,94414,6349,0,0
1,1162,255,94501,110,442075,86600.25,94501,6356,0,0
1,1163,255,94573,110,442075,86633.75,94573,6363,0,0
1,1164,255,94757,110,442075,86807.03,94757,6370,0,0
1,1165,255,94910,110,442075,86945.42,94910,6377,0,0
1,1166,255,95054,110,442075,87069.19,95054,6384,0,0
1,1167,255,95207,110,442075,87210.56,95207,6391,0,0
1,1168,255,95387,110,442075,87352.33,95387,6398,0,0
1,1169,255,95599,110,442075,87557.52,95599,6405,0,0
1,1170,255,95740,110,442075,87699.89,95740,6412,0,0
1,1171,255,95853,110,442075,87768.01,95853,6419,0,0
1,1172,255,96021,110,442075,87903.80,96021,6426,0,0
1,1173,255,96139,110,442075,87955.50,96139,6433,0,0
1,1174,255,96325,110,442075,88118.19,96325,6440,0,0
1,1175,255,96451,110,442075,88230.32,96451,6447,0,0
1,1176,255,96560,110,442075,88295.36,96560,6454,0,0
1,1177,255,96745,110,442075,88488.23,96745,6461,0,0
1,1178,255,96943,110,442075,88686.94,96943,6468,0,0
1,1179,255,97118,110,442075,88814.46,97118,6475,0,0
1,1180,255,97257,110,442075,88987.45,97257,6482,0,0
1,1181,255,97449,110,477467,89196.32,97449,6489,0,0
1,1182,255,97590,110,477467,89310.67,97590,6496,0,0
1,1183,255,97661,110,477467,89330.33,97661,6503,0,0
1,1184,255,97835,110,477467,89529.90,97835,6510,0,0
1,1185,255,98031,110,477467,89697.18,98031,6517,0,0
1,1186,255,98262,110,477467,89971.17,98262,6524,0,0
1,1187,255,98465,110,477467,90146.84,98465,6531,0,0
1,1188,255,98601,110,477467,90240.52,98601,6538,0,0
1,1189,255,98798,110,477467,90410.57,98798,6545,0,0
1,1190,255,98907,110,477467,90472.14,98907,6552,0,0
1,1191,255,99064,110,477467,90606.38,99064,6559,0,0
1,1192,255,99200,110,477467,90712.65,99200,6566,0,0
1,1193,255,99377,110,477467,90862.94,99377,6573,0,0
1,1194,255,99597,110,477467,91079.23,99597,6580,0,0
1,1195,255,99756,110,477467,91198.51,99756,6587,0,0
1,1196,255,99882,110,477467,91302.74,99882,6594,0,0
1,1197,255,100119,110,537932,91608.88,100119,6601,0,0
1,1198,255,100285,110,537932,91773.42,100285,6608,0,0
1,1199,255,100530,110,537932,92133.41,100530,6615,0,0
1,1200,255,100692,110,537932,92272.26,100692,6622,0,0
1,1201,255,100838,110,537932,92369.00,100838,6629,0,0
1,1202,255,101058,110,537932,92573.89,101058,6636,0,0
1,1203,255,101206,110,537932,92647.84,101206,6643,0,0
1,1204,255,101321,110,537932,92715.90,101321,6650,0,0
1,1205,255,101477,110,537932,92848.84,101477,6657,0,0
1,1206,255,101646,110,537932,93045.48,101646,6664,0,0
1,1207,255,101799,110,537932,93172.62,101799,6671,0,0
1,1208,255,101934,110,537932,93265.01,101934,6678,0,0
1,1209,255,102093,110,537932,93383.61,102093,6685,0,0
1,1210,255,102235,110,537932,93514.12,102235,6692,0,0
1,1211,255,102458,110,537932,93734.18,102458,6699,0,0
1,1212,255,102553,110,537932,93789.59,102553,6706,0,0
1,1213,255,102697,110,537932,93886.93,102697,6713,0,0
1,1214,255,102838,110,537932,94003.73,102838,6720,0,0
1,1215,255,102977,110,537932,94097.70,102977,6727,0,0
1,1216,255,103138,110,537932,94207.17,103138,6734,0,0
1,1217,255,103262,110,537932,94273.39,103262,6741,0,0
1,1218,255,103416,110,537932,94396.95,103416,6748,0,0
1,1219,255,103626,110,537932,94653.13,103626,6755,0,0
1,1220,255,103809,110,537932,94797.30,103809,6762,0,0
1,1221,255,103945,110,537932,94901.94,103945,6769,0,0
1,1222,255,104150,110,537932,95086.86,104150,6776,0,0
1,1223,255,104296,110,537932,95203.80,104296,6783,0,0
1,1224,255,104525,110,537932,95513.28,104525,6790,0,0
1,1225,255,104626,110,537932,95541.68,104626,6797,0,0
1,1226,255,104806,110,537932,95693.67,104806,6804,0,0
1,1227,255,105034,110,537932,95922.35,105034,6811,0,0
1,1228,255,105206,110,537932,96041.18,105206,6818,0,0
1,1229,255,105400,110,537932,96209.67,105400,6825,0,0
1,1230,255,105562,110,537932,96321.14,105562,6832,0,0
1,1231,255,105730,110,537932,96446.83,105730,6839,0,0
1,1232,255,105809,110,537932,96474.84,105809,6846,0,0
1,1233,255,105931,110,537932,96566.98,105931,6853,0,0
1,1234,255,106125,110,537932,96785.50,106125,6860,0,0
1,1235,255,106257,110,537932,96909.61,106257,6867,0,0
1,1236,255,106403,110,537932,97004.43,106403,6874,0,0
1,1237,255,106620,110,537932,97210.48,106620,6881,0,0
1,1238,255,106693,110,537932,97218.25,106693,6888,0,0
1,1239,255,106884,110,537932,97396.70,106884,6895,0,0
1,1240,255,107050,110,537932,97540.40,107050,6902,0,0
1,1241,255,107194,110,537932,97696.13,107194,6909,0,0
1,1242,255,107371,110,537932,97819.54,107371,6916,0,0
1,1243,255,107550,110,537932,97945.53,107550,6923,0,0
1,1244,255,107763,110,537932,98163.49,107763,6930,0,0
1,1245,255,107910,110,537932,98294.49,107910,6937,0,0
1,1246,255,108114,110,537932,98475.16,108114,6944,0,0
1,1247,255,108317,110,537932,98654.38,108317,6951,0,0
1,1248,255,108509,110,537932,98826.82,108509,6958,0,0
1,1249,255,108649,110,537932,98901.72,108649,6965,0,0
1,1250,255,108835,110,537932,99107.61,108835,6972,0,0
1,1251,255,109057,110,537932,99371.67,109057,6979,0,0
1,1252,255,109185,110,537932,99446.32,109185,6986,0,0
1,1253,255,109340,110,537932,99539.06,109340,6993,0,0
1,1254,255,109554,110,537932,99776.63,109554,7000,0,0
1,1255,255,109731,110,537932,99911.04,109731,7007,0,0
1,1256,255,109871,110,537932,99988.07,109871,7014,0,0
1,1257,255,110033,110,537932,100089.86,110033,7021,0,0
1,1258,255,110150,110,537932,100135.31,110150,7028,0,0
1,1259,255,110287,110,537932,100250.11,110287,7035,0,0
1,1260,255,110562,110,537932,100596.20,110562,7042,0,0
1,1261,255,110734,110,537932,100738.45,110734,7049,0,0
1,1262,255,110886,110,537932,100881.94,110886,7056,0,0
1,1263,255,111082,110,537932,101058.88,111082,7063,0,0
1,1264,255,111290,110,537932,101279.78,111290,7070,0,0
1,1265,255,111381,110,537932,101365.40,111381,7077,0,0
1,1266,255,111578,110,537932,101559.82,111578,7084,0,0
1,1267,255,111785,110,537932,101778.09,111785,7091,0,0
1,1268,255,111998,110,537932,102017.53,111998,7098,0,0
1,1269,255,112095,110,537932,102075.03,112095,7105,0,0
1,1270,255,112261,110,561682,102276.01,112261,7112,0,0
1,1271,255,112466,110,561682,102464.96,112466,7119,0,0
1,1272,255,112662,110,561682,102652.15,112662,7126,0,0
1,1273,255,112827,110,561682,102771.84,112827,7133,0,0
1,1274,255,112949,110,561682,102870.81,112949,7140,0,0
1,1275,255,113091,110,561682,102974.86,113091,7147,0,0
1,1276,255,113240,110,561682,103051.62,113240,7154,0,0
1,1277,255,113416,110,561682,103176.99,113416,7161,0,0
1,1278,255,113615,110,561682,103422.91,113615,7168,0,0
1,1279,255,113841,110,561682,103634.82,113841,7175,0,0
1,1280,255,114020,110,561682,103765.56,114020,7182,0,0
1,1281,255,114227,110,561682,103958.32,114227,7189,0,0
1,1282,255,114304,110,561682,103982.60,114304,7196,0,0
1,1283,255,114474,110,561682,104114.28,114474,7203,0,0
1,1284,255,114651,110,561682,104255.95,114651,7210,0,0
1,1285,255,114736,110,561682,104269.63,114736,7217,0,0
1,1286,255,114851,110,561682,104346.23,114851,7224,0,0
1,1287,255,115012,110,561682,104445.45,115012,7231,0,0
1,1288,255,115184,110,589667,104636.03,115184,7238,0,0
1,1289,255,115348,110,589667,104751.82,115348,7245,0,0
1,1290,255,115539,110,589667,104906.63,115539,7252,0,0
1,1291,255,115735,110,589667,105092.55,115735,7259,0,0
1,1292,255,115964,110,589667,105304.56,115964,7266,0,0
1,1293,255,116154,110,589667,105469.11,116154,7273,0,0
1,1294,255,116289,110,589667,105577.58,116289,7280,0,0
1,1295,255,116427,110,589667,105691.99,116427,7287,0,0
1,1296,255,116589,110,589667,105792.01,116589,7294,0,0
1,1297,255,116812,110,589667,106026.55,116812,7301,0,0
1,1298,255,116984,110,589667,106165.35,116984,7308,0,0
1,1299,255,117177,110,589667,106338.32,117177,7315,0,0
1,1300,255,117371,110,589667,106494.14,117371,7322,0,0
1,1301,255,117525,110,589667,106622.23,117525,7329,0,0
1,1302,255,117716,110,589667,106843.57,117716,7336,0,0
1,1303,255,117897,110,589667,106983.16,117897,7343,0,0
1,1304,255,118040,110,589667,107091.70,118040,7350,0,0
1,1305,255,118192,110,589667,107237.79,118192,7357,0,0
1,1306,255,118297,110,589667,107285.82,118297,7364,0,0
1,1307,255,118455,110,589667,107445.03,118455,7371,0,0
1,1308,255,118636,110,597569,107644.87,118636,7378,0,0
1,1309,255,118802,110,597569,107773.92,118802,7385,0,0
1,1310,255,118930,110,597569,107869.96,118930,7392,0,0
1,1311,255,119139,110,597569,108054.15,119139,7399,0,0
1,1312,255,119342,110,597569,108258.08,119342,7406,0,0
1,1313,255,119535,110,597569,108447.12,119535,7413,0,0
1,1314,255,119653,110,597569,108478.36,119653,7420,0,0
1,1315,255,119745,110,597569,108551.77,119745,7427,0,0
1,1316,255,119869,110,597569,108630.13,119869,7434,0,0
1,1317,255,120040,110,597569,108758.19,120040,7441,0,0
1,1318,255,120175,110,597569,108874.05,120175,7448,0,0
1,1319,255,120364,110,597569,109021.40,120364,7455,0,0
1,1320,255,120607,110,597569,109268.53,120607,7462,0,0
1,1321,255,120817,110,597569,109443.40,120817,7469,0,0
1,1322,255,120991,110,597569,109629.79,120991,7476,0,0
1,1323,255,121156,110,597569,109798.76,121156,7483,0,0
1,1324,255,121314,110,597569,109881.73,121314,7490,0,0
1,1325,255,121483,110,597569,110029.10,121483,7497,0,0
1,1326,255,121561,110,597569,110050.44,121561,7504,0,0
1,1327,255,121789,110,597569,110285.57,121789,7511,0,0
1,1328,255,121988,110,597569,110439.84,121988,7518,0,0
1,1329,255,122167,110,597569,110573.99,122167,7525,0,0
1,1330,255,122355,110,597569,110715.60,122355,7532,0,0
1,1331,255,122568,110,597569,110937.67,122568,7539,0,0
1,1332,255,122768,110,597569,111099.53,122768,7546,0,0
1,1333,255,122947,110,597569,111224.95,122947,7553,0,0
1,1334,255,123124,110,597569,111482.93,123124,7560,0,0
1,1335,255,123244,110,597569,111578.24,123244,7567,0,0
1,1336,255,123395,110,597569,111684.01,123395,7574,0,0
1,1337,255,123554,110,597569,111779.08,123554,7581,0,0
1,1338,255,123780,110,597569,111979.31,123780,7588,0,0
1,1339,255,123951,110,625513,112171.93,123951,7595,0,0
1,1340,255,124172,110,625513,112367.53,124172,7602,0,0
1,1341,255,124372,110,625513,112571.40,124372,7609,0,0
1,1342,255,124518,110,625513,112696.71,124518,7616,0,0
1,1343,255,124707,110,625513,112877.78,124707,7623,0,0
1,1344,255,124958,110,625513,113171.67,124958,7630,0,0
1,1345,255,125136,110,625513,113322.95,125136,7637,0,0
1,1346,255,125337,110,625513,113518.15,125337,7644,0,0
1,1347,255,125513,110,625513,113655.48,125513,7651,0,0
1,1348,255,125760,110,625513,113904.58,125760,7658,0,0
1,1349,255,125959,110,625513,114056.27,125959,7665,0,0
1,1350,255,126102,110,625513,114145.40,126102,7672,0,0
1,1351,255,126266,110,625513,114260.75,126266,7679,0,0
1,1352,255,126411,110,625513,114373.89,126411,7686,0,0
1,1353,255,126624,110,625513,114555.66,126624,7693,0,0
1,1354,255,126835,110,625513,114749.62,126835,7700,0,0
1,1355,255,127051,110,625513,115026.39,127051,7707,0,0
1,1356,255,127186,110,625513,115129.56,127186,7714,0,0
1,1357,255,127432,110,625513,115398.59,127432,7721,0,0
1,1358,255,127596,110,625513,115502.76,127596,7728,0,0
1,1359,255,127779,110,625513,115634.73,127779,7735,0,0
1,1360,255,127970,110,625513,115848.12,127970,7742,0,0
1,1361,255,128089,110,625513,115910.88,128089,7749,0,0
1,1362,255,128289,110,625513,116089.38,128289,7756,0,0
1,1363,255,128463,110,625513,116237.78,128463,7763,0,0
1,1364,255,128604,110,625513,116338.29,128604,7770,0,0
1,1365,255,128791,110,625513,116506.33,128791,7777,0,0
1,1366,255,128955,110,625513,116667.97,128955,7784,0,0
1,1367,255,129204,110,625513,116919.73,129204,7791,0,0
1,1368,255,129426,110,625513,117145.53,129426,7798,0,0
1,1369,255,129647,110,625513,117364.58,129647,7805,0,0
1,1370,255,129828,110,625513,117494.50,129828,7812,0,0
1,1371,255,129999,110,625513,117615.76,129999,7819,0,0
1,1372,255,130179,110,663155,117837.74,130179,7826,0,0
1,1373,255,130327,110,663155,117922.93,130327,7833,0,0
1,1374,255,130483,110,663155,118046.09,130483,7840,0,0
1,1375,255,130657,110,663155,118159.18,130657,7847,0,0
1,1376,255,130912,110,663155,118422.20,130912,7854,0,0
1,1377,255,131102,110,663155,118563.86,131102,7861,0,0
1,1378,255,131343,110,663155,118797.61,131343,7868,0,0
1,1379,255,131528,110,663155,119000.17,131528,7875,0,0
1,1380,255,131647,110,663155,119037.76,131647,7882,0,0
1,1381,255,131812,110,663155,119134.49,131812,7889,0,0
1,1382,255,132055,110,663155,119399.70,132055,7896,0,0
1,1383,255,132240,110,663155,119531.16,132240,7903,0,0
1,1384,255,132494,110,663155,119819.20,132494,7910,0,0
1,1385,255,132727,110,663155,120062.88,132727,7917,0,0
1,1386,255,132920,110,663155,120197.09,132920,7924,0,0
1,1387,255,133117,110,663155,120336.60,133117,7931,0,0
1,1388,255,133318,110,663155,120506.31,133318,7938,0,0
1,1389,255,133542,110,663155,120696.13,133542,7945,0,0
1,1390,255,133734,110,663155,120875.28,133734,7952,0,0
1,1391,255,133915,110,663155,121025.10,133915,7959,0,0
1,1392,255,134106,110,663155,121184.03,134106,7966,0,0
1,1393,255,134272,110,663155,121311.36,134272,7973,0,0
1,1394,255,134506,110,663155,121581.29,134506,7980,0,0
1,1395,255,134702,110,663155,121762.09,134702,7987,0,0
1,1396,255,134811,110,663155,121860.01,134811,7994,0,0
1,1397,255,135028,110,663155,122120.82,135028,8001,0,0
1,1398,255,135238,110,663155,122293.21,135238,8008,0,0
1,1399,255,135415,110,663155,122422.82,135415,8015,0,0
1,1400,255,135612,110,663155,122572.80,135612,8022,0,0
1,1401,255,135813,110,663155,122750.23,135813,8029,0,0
1,1402,255,136046,110,663155,122951.95,136046,8036,0,0
1,1403,255,136272,110,663155,123153.84,136272,8043,0,0
1,1404,255,136479,110,663155,123332.22,136479,8050,0,0
1,1405,255,136680,110,663155,123541.42,136680,8057,0,0
1,1406,255,136927,110,663155,123805.53,136927,8064,0,0
1,1407,255,137112,110,663155,123967.74,137112,8071,0,0
1,1408,255,137256,110,663155,124059.55,137256,8078,0,0
1,1409,255,137420,110,663155,124218.20,137420,8085,0,0
1,1410,255,137567,110,663155,124293.17,137567,8092,0,0
1,1411,255,137762,110,663155,124442.19,137762,8099,0,0
1,1412,255,137831,110,663155,124469.22,137831,8106,0,0
1,1413,255,138032,110,663155,124626.67,138032,8113,0,0
1,1414,255,138252,110,663155,124820.28,138252,8120,0,0
1,1415,255,138404,110,663155,124932.28,138404,8127,0,0
1,1416,255,138584,110,663155,125079.85,138584,8134,0,0
1,1417,255,138776,110,663155,125279.29,138776,8141,0,0
1,1418,255,138978,110,663155,125444.16,138978,8148,0,0
1,1419,255,139190,110,663155,125623.69,139190,8155,0,0
1,1420,255,139352,110,663155,125795.71,139352,8162,0,0
1,1421,255,139482,110,663155,125876.70,139482,8169,0,0
1,1422,255,139663,110,663155,126005.34,139663,8176,0,0
1,1423,255,139868,110,663155,126156.60,139868,8183,0,0
1,1424,255,140105,110,663155,126366.58,140105,8190,0,0
1,1425,255,140315,110,663155,126572.18,140315,8197,0,0
1,1426,255,140498,110,663155,126702.99,140498,8204,0,0
1,1427,255,140671,110,663155,126867.26,140671,8211,0,0
1,1428,255,140830,110,663155,126973.36,140830,8218,0,0
1,1429,255,141050,110,663155,127180.08,141050,8225,0,0
1,1430,255,141224,110,663155,127281.05,141224,8232,0,0
1,1431,255,141512,110,666254,127636.94,141512,8239,0,0
1,1432,255,141697,110,666254,127820.22,141697,8246,0,0
1,1433,255,141891,110,666254,127955.29,141891,8253,0,0
1,1434,255,142136,110,666254,128202.79,142136,8260,0,0
1,1435,255,142358,110,666254,128408.49,142358,8267,0,0
1,1436,255,142565,110,666254,128594.19,142565,8274,0,0
1,1437,255,142751,110,666254,128733.89,142751,8281,0,0
1,1438,255,142933,110,666254,128869.68,142933,8288,0,0
1,1439,255,143115,110,666254,128983.03,143115,8295,0,0
1,1440,255,143310,110,753303,129242.93,143310,8302,0,0
1,1441,255,143493,110,753303,129374.80,143493,8309,0,0
1,1442,255,143653,110,753303,129493.69,143653,8316,0,0
1,1443,255,143856,110,753303,129643.63,143856,8323,0,0
1,1444,255,144035,110,753303,129789.11,144035,8330,0,0
1,1445,255,144265,110,753303,130043.46,144265,8337,0,0
1,1446,255,144439,110,753303,130149.94,144439,8344,0,0
1,1447,255,144633,110,753303,130285.73,144633,8351,0,0
1,1448,255,144824,110,753303,130480.17,144824,8358,0,0
1,1449,255,144954,110,753303,130535.72,144954,8365,0,0
1,1450,255,145141,110,753303,130649.12,145141,8372,0,0
1,1451,255,145384,110,753303,130918.13,145384,8379,0,0
1,1452,255,145623,110,753303,131141.55,145623,8386,0,0
1,1453,255,145811,110,753303,131294.46,145811,8393,0,0
1,1454,255,146006,110,753303,131443.24,146006,8400,0,0
1,1455,255,146229,110,753303,131650.58,146229,8407,0,0
1,1456,255,146389,110,753303,131769.66,146389,8414,0,0
1,1457,255,146580,110,753303,131944.01,146580,8421,0,0
1,1458,255,146750,110,753303,132085.19,146750,8428,0,0
1,1459,255,147013,110,753303,132377.54,147013,8435,0,0
1,1460,255,147189,110,753303,132553.27,147189,8442,0,0
1,1461,255,147409,110,753303,132780.83,147409,8449,0,0
1,1462,255,147613,110,753303,132970.00,147613,8456,0,0
1,1463,255,147867,110,753303,133228.08,147867,8463,0,0
1,1464,255,147994,110,753303,133271.06,147994,8470,0,0
1,1465,255,148211,110,753303,133516.59,148211,8477,0,0
1,1466,255,148453,110,753303,133736.82,148453,8484,0,0
1,1467,255,148634,110,753303,133890.35,148634,8491,0,0
1,1468,255,148764,110,753303,133959.97,148764,8498,0,0
1,1469,255,148943,110,753303,134081.54,148943,8505,0,0
1,1470,255,149115,110,753303,134217.99,149115,8512,0,0
1,1471,255,149261,110,753303,134281.98,149261,8519,0,0
1,1472,255,149449,110,753303,134425.83,149449,8526,0,0
1,1473,255,149672,110,753303,134625.56,149672,8533,0,0
1,1474,255,149835,110,753303,134785.71,149835,8540,0,0
1,1475,255,150107,110,753303,135076.81,150107,8547,0,0
1,1476,255,150255,110,753303,135150.58,150255,8554,0,0
1,1477,255,150423,110,753303,135339.68,150423,8561,0,0
1,1478,255,150613,110,753303,135484.12,150613,8568,0,0
1,1479,255,150832,110,753303,135678.91,150832,8575,0,0
1,1480,255,151001,110,753303,135781.89,151001,8582,0,0
1,1481,255,151182,110,753303,135925.05,151182,8589,0,0
1,1482,255,151423,110,753303,136179.53,151423,8596,0,0
1,1483,255,151555,110,753303,136269.75,151555,8603,0,0
1,1484,255,151839,110,753303,136638.63,151839,8610,0,0
1,1485,255,152026,110,753303,136753.24,152026,8617,0,0
1,1486,255,152186,110,753303,136895.23,152186,8624,0,0
1,1487,255,152424,110,758411,137214.13,152424,8631,0,0
1,1488,255,152684,110,758411,137495.70,152684,8638,0,0
1,1489,255,152854,110,758411,137618.51,152854,8645,0,0
1,1490,255,152982,110,758411,137715.96,152982,8652,0,0
1,1491,255,153158,110,758411,137855.62,153158,8659,0,0
1,1492,255,153341,110,758411,137967.37,153341,8666,0,0
1,1493,255,153562,110,758411,138150.45,153562,8673,0,0
1,1494,255,153795,110,758411,138359.14,153795,8680,0,0
1,1495,255,154080,110,758411,138687.15,154080,8687,0,0
1,1496,255,154273,110,758411,138816.99,154273,8694,0,0
1,1497,255,154372,110,758411,138850.00,154372,8701,0,0
1,1498,255,154518,110,758411,138981.42,154518,8708,0,0
1,1499,255,154767,110,758411,139219.47,154767,8715,0,0
1,1500,255,155010,110,758411,139451.31,155010,8722,0,0
1,1501,255,155239,110,758411,139663.08,155239,8729,0,0
1,1502,255,155417,110,758411,139798.67,155417,8736,0,0
1,1503,255,155626,110,758411,139972.34,155626,8743,0,0
1,1504,255,155819,110,758411,140148.38,155819,8750,0,0
1,1505,255,156063,110,758411,140383.22,156063,8757,0,0
1,1506,255,156220,110,758411,140517.51,156220,8764,0,0
1,1507,255,156479,110,758411,140803.45,156479,8771,0,0
1,1508,255,156707,110,758411,141005.04,156707,8778,0,0
1,1509,255,156962,110,758411,141257.75,156962,8785,0,0
1,1510,255,157135,110,758411,141371.98,157135,8792,0,0
1,1511,255,157335,110,758411,141504.64,157335,8799,0,0
1,1512,255,157507,110,758411,141617.12,157507,8806,0,0
1,1513,255,157721,110,758411,141824.77,157721,8813,0,0
1,1514,255,157983,110,758411,142105.22,157983,8820,0,0
1,1515,255,158174,110,758411,142264.08,158174,8827,0,0
1,1516,255,158430,110,758411,142526.69,158430,8834,0,0
1,1517,255,158601,110,758411,142660.30,158601,8841,0,0
1,1518,255,158834,110,758411,142893.01,158834,8848,0,0
1,1519,255,159010,110,758411,143072.82,159010,8855,0,0
1,1520,255,159216,110,758411,143223.70,159216,8862,0,0
1,1521,255,159490,110,758411,143510.81,159490,8869,0,0
1,1522,255,159663,110,758411,143609.15,159663,8876,0,0
1,1523,255,159866,110,758411,143756.26,159866,8883,0,0
1,1524,255,160014,110,758411,143809.07,160014,8890,0,0
1,1525,255,160227,110,758411,143982.69,160227,8897,0,0
1,1526,255,160480,110,758411,144235.74,160480,8904,0,0
1,1527,255,160634,110,758411,144314.32,160634,8911,0,0
1,1528,255,160793,110,758411,144421.62,160793,8918,0,0
1,1529,255,161013,110,758411,144584.45,161013,8925,0,0
1,1530,255,161264,110,758411,144819.89,161264,8932,0,0
1,1531,255,161500,110,758411,145038.13,161500,8939,0,0
1,1532,255,161708,110,758411,145188.04,161708,8946,0,0
1,1533,255,161865,110,758411,145322.93,161865,8953,0,0
1,1534,255,162060,110,758411,145501.09,162060,8960,0,0
1,1535,255,162218,110,758411,145622.96,162218,8967,0,0
1,1536,255,162424,110,758411,145792.84,162424,8974,0,0
1,1537,255,162633,110,758411,145973.48,162633,8981,0,0
1,1538,255,162804,110,758411,146076.30,162804,8988,0,0
1,1539,255,163063,110,758411,146340.57,163063,8995,0,0
1,1540,255,163278,110,758411,146539.42,163278,9002,0,0
1,1541,255,163524,110,758411,146796.01,163524,9009,0,0
1,1542,255,163641,110,758411,146873.87,163641,9016,0,0
1,1543,255,163808,110,758411,147070.66,163808,9023,0,0
1,1544,255,164031,110,758411,147287.97,164031,9030,0,0
1,1545,255,164216,110,758411,147436.58,164216,9037,0,0
1,1546,255,164480,110,758411,147695.29,164480,9044,0,0
1,1547,255,164623,110,758411,147811.36,164623,9051,0,0
1,1548,255,164853,110,758411,148007.71,164853,9058,0,0
1,1549,255,165015,110,758411,148146.34,165015,9065,0,0
1,1550,255,165227,110,758411,148311.41,165227,9072,0,0
1,1551,255,165475,110,758411,148540.80,165475,9079,0,0
1,1552,255,165664,110,758411,148708.91,165664,9086,0,0
1,1553,255,165916,110,758411,148942.90,165916,9093,0,0
1,1554,255,166166,110,758411,149183.26,166166,9100,0,0
1,1555,255,166306,110,758411,149308.28,166306,9107,0,0
1,1556,255,166566,110,758411,149591.76,166566,9114,0,0
1,1557,255,166740,110,758411,149717.06,166740,9121,0,0
1,1558,255,166959,110,758411,149900.68,166959,9128,0,0
1,1559,255,167144,110,758411,150026.77,167144,9135,0,0
1,1560,255,167318,110,758411,150137.42,167318,9142,0,0
1,1561,255,167430,110,758411,150150.98,167430,9149,0,0
1,1562,255,167587,110,758411,150250.18,167587,9156,0,0
1,1563,255,167800,110,758411,150417.63,167800,9163,0,0
1,1564,255,168014,110,758411,150572.88,168014,9170,0,0
1,1565,255,168252,110,758411,150797.37,168252,9177,0,0
1,1566,255,168399,110,758411,150852.71,168399,9184,0,0
1,1567,255,168544,110,758411,150921.68,168544,9191,0,0
1,1568,255,168752,110,758411,151087.89,168752,9198,0,0
1,1569,255,168995,110,758411,151319.12,168995,9205,0,0
1,1570,255,169196,110,766604,151513.95,169196,9212,0,0
1,1571,255,169428,110,766604,151712.26,169428,9219,0,0
1,1572,255,169667,110,766604,151922.32,169667,9226,0,0
1,1573,255,169944,110,766604,152203.53,169944,9233,0,0
1,1574,255,170183,110,766604,152409.61,170183,9240,0,0
1,1575,255,170438,110,766604,152645.52,170438,9247,0,0
1,1576,255,170662,110,766604,152813.97,170662,9254,0,0
1,1577,255,170875,110,766604,152990.49,170875,9261,0,0
1,1578,255,171059,110,766604,153087.85,171059,9268,0,0
1,1579,255,171278,110,766604,153250.89,171278,9275,0,0
1,1580,255,171456,110,766604,153361.03,171456,9282,0,0
1,1581,255,171708,110,766604,153592.80,171708,9289,0,0
1,1582,255,171847,110,766604,153646.44,171847,9296,0,0
1,1583,255,172078,110,766604,153835.73,172078,9303,0,0
1,1584,255,172335,110,766604,154115.49,172335,9310,0,0
1,1585,255,172587,110,766604,154340.53,172587,9317,0,0
1,1586,255,172868,110,804513,154658.86,172868,9324,0,0
1,1587,255,173061,110,804513,154812.33,173061,9331,0,0
1,1588,255,173261,110,804513,154959.79,173261,9338,0,0
1,1589,255,173440,110,804513,155063.59,173440,9345,0,0
1,1590,255,173580,110,804513,155116.15,173580,9352,0,0
1,1591,255,173745,110,804513,155228.45,173745,9359,0,0
1,1592,255,173929,110,804513,155383.25,173929,9366,0,0
1,1593,255,174182,110,804513,155630.67,174182,9373,0,0
1,1594,255,174398,110,804513,155844.31,174398,9380,0,0
1,1595,255,174693,110,804513,156198.05,174693,9387,0,0
1,1596,255,174943,110,804513,156427.11,174943,9394,0,0
1,1597,255,175139,110,804513,156560.53,175139,9401,0,0
1,1598,255,175366,110,804513,156733.88,175366,9408,0,0
1,1599,255,175608,110,804513,156965.34,175608,9415,0,0
1,1600,255,175817,110,804513,157144.28,175817,9422,0,0
1,1601,255,176041,110,804513,157357.85,176041,9429,0,0
1,1602,255,176271,110,804513,157540.77,176271,9436,0,0
1,1603,255,176465,110,804513,157675.05,176465,9443,0,0
1,1604,255,176657,110,804513,157818.73,176657,9450,0,0
1,1605,255,176873,110,804513,157979.46,176873,9457,0,0
1,1606,255,177039,110,804513,158094.90,177039,9464,0,0
1,1607,255,177209,110,804513,158228.14,177209,9471,0,0
1,1608,255,177464,110,804513,158448.89,177464,9478,0,0
1,1609,255,177644,110,804513,158595.67,177644,9485,0,0
1,1610,255,177917,110,804513,158878.27,177917,9492,0,0
1,1611,255,178206,110,804513,159203.99,178206,9499,0,0
1,1612,255,178436,110,804513,159423.22,178436,9506,0,0
1,1613,255,178604,110,804513,159582.85,178604,9513,0,0
1,1614,255,178740,110,804513,159711.83,178740,9520,0,0
1,1615,255,179002,110,804513,159995.80,179002,9527,0,0
1,1616,255,179205,110,804513,160144.58,179205,9534,0,0
1,1617,255,179487,110,804513,160436.60,179487,9541,0,0
1,1618,255,179729,110,804513,160634.25,179729,9548,0,0
1,1619,255,179878,110,804513,160745.14,179878,9555,0,0
1,1620,255,180082,110,804513,160889.60,180082,9562,0,0
1,1621,255,180311,110,804513,161071.53,180311,9569,0,0
1,1622,255,180482,110,804513,161156.42,180482,9576,0,0
1,1623,255,180677,110,804513,161315.08,180677,9583,0,0
1,1624,255,180891,110,804513,161472.91,180891,9590,0,0
1,1625,255,181163,110,804513,161743.69,181163,9597,0,0
1,1626,255,181424,110,804513,162005.37,181424,9604,0,0
1,1627,255,181607,110,804513,162136.66,181607,9611,0,0
1,1628,255,181820,110,804513,162271.65,181820,9618,0,0
1,1629,255,182033,110,804513,162461.19,182033,9625,0,0
1,1630,255,182199,110,804513,162578.55,182199,9632,0,0
1,1631,255,182466,110,804513,162845.25,182466,9639,0,0
1,1632,255,182712,110,804513,163080.65,182712,9646,0,0
1,1633,255,182905,110,804513,163232.43,182905,9653,0,0
1,1634,255,183185,110,804513,163525.10,183185,9660,0,0
1,1635,255,183348,110,804513,163591.15,183348,9667,0,0
1,1636,255,183542,110,804513,163739.98,183542,9674,0,0
1,1637,255,183734,110,804513,163891.14,183734,9681,0,0
1,1638,255,183939,110,804513,164022.16,183939,9688,0,0
1,1639,255,184183,110,804513,164253.76,184183,9695,0,0
1,1640,255,184436,110,804513,164484.17,184436,9702,0,0
1,1641,255,184611,110,804513,164612.94,184611,9709,0,0
1,1642,255,184913,110,962037,165017.96,184913,9716,0,0
1,1643,255,185119,110,962037,165179.45,185119,9723,0,0
1,1644,255,185323,110,962037,165373.15,185323,9730,0,0
1,1645,255,185574,110,962037,165587.22,185574,9737,0,0
1,1646,255,185849,110,962037,165872.02,185849,9744,0,0
1,1647,255,186077,110,962037,166050.12,186077,9751,0,0
1,1648,255,186338,110,962037,166282.10,186338,9758,0,0
1,1649,255,186598,110,962037,166526.81,186598,9765,0,0
1,1650,255,186800,110,962037,166657.49,186800,9772,0,0
1,1651,255,187036,110,962037,166850.78,187036,9779,0,0
1,1652,255,187259,110,962037,167046.16,187259,9786,0,0
1,1653,255,187525,110,962037,167295.52,187525,9793,0,0
1,1654,255,187774,110,962037,167502.92,187774,9800,0,0
1,1655,255,188018,110,962037,167718.98,188018,9807,0,0
1,1656,255,188211,110,962037,167849.55,188211,9814,0,0
1,1657,255,188409,110,962037,167981.57,188409,9821,0,0
1,1658,255,188641,110,962037,168157.61,188641,9828,0,0
1,1659,255,188820,110,962037,168286.07,188820,9835,0,0
1,1660,255,189029,110,962037,168438.29,189029,9842,0,0
1,1661,255,189335,110,962037,168800.57,189335,9849,0,0
1,1662,255,189523,110,962037,168929.22,189523,9856,0,0
1,1663,255,189723,110,962037,169090.99,189723,9863,0,0
1,1664,255,189970,110,962037,169359.41,189970,9870,0,0
1,1665,255,190141,110,962037,169506.40,190141,9877,0,0
1,1666,255,190343,110,962037,169658.02,190343,9884,0,0
1,1667,255,190539,110,962037,169841.56,190539,9891,0,0
1,1668,255,190763,110,962037,170064.12,190763,9898,0,0
1,1669,255,191000,110,962037,170269.96,191000,9905,0,0
1,1670,255,191268,110,962037,170508.82,191268,9912,0,0
1,1671,255,191502,110,962037,170735.27,191502,9919,0,0
1,1672,255,191737,110,962037,170924.59,191737,9926,0,0
1,1673,255,191944,110,962037,171064.94,191944,9933,0,0
1,1674,255,192151,110,962037,171210.19,192151,9940,0,0
1,1675,255,192349,110,962037,171356.94,192349,9947,0,0
1,1676,255,192558,110,962037,171510.25,192558,9954,0,0
1,1677,255,192810,110,962037,171728.46,192810,9961,0,0
1,1678,255,193035,110,962037,171909.28,193035,9968,0,0
1,1679,255,193180,110,962037,172025.14,193180,9975,0,0
1,1680,255,193425,110,962037,172240.25,193425,9982,0,0
1,1681,255,193671,110,962037,172510.69,193671,9989,0,0
1,1682,255,193943,110,962037,172783.84,193943,9996,0,0
1,1683,255,194153,110,962037,172928.65,194153,10003,0,0
1,1684,255,194391,110,962037,173123.29,194391,10010,0,0
1,1685,255,194582,110,962037,173269.45,194582,10017,0,0
1,1686,255,194823,110,962037,173468.31,194823,10024,0,0
1,1687,255,195056,110,962037,173646.17,195056,10031,0,0
1,1688,255,195331,110,962037,173913.77,195331,10038,0,0
1,1689,255,195496,110,962037,174057.65,195496,10045,0,0
1,1690,255,195738,110,962037,174262.69,195738,10052,0,0
1,1691,255,195959,110,962037,174436.79,195959,10059,0,0
1,1692,255,196199,110,962037,174626.35,196199,10066,0,0
1,1693,255,196371,110,962037,174717.26,196371,10073,0,0
1,1694,255,196570,110,962037,174849.06,196570,10080,0,0
1,1695,255,196814,110,962037,175070.42,196814,10087,0,0
1,1696,255,197046,110,962037,175242.48,197046,10094,0,0
1,1697,255,197226,110,962037,175370.24,197226,10101,0,0
1,1698,255,197423,110,962037,175488.24,197423,10108,0,0
1,1699,255,197657,110,962037,175683.39,197657,10115,0,0
1,1700,255,197819,110,962037,175765.54,197819,10122,0,0
1,1701,255,198064,110,962037,175966.49,198064,10129,0,0
1,1702,255,198256,110,962037,176111.77,198256,10136,0,0
1,1703,255,198473,110,962037,176308.61,198473,10143,0,0
1,1704,255,198699,110,962037,176526.40,198699,10150,0,0
1,1705,255,199012,110,962037,176872.39,199012,10157,0,0
1,1706,255,199194,110,962037,176995.05,199194,10164,0,0
1,1707,255,199456,110,962037,177227.89,199456,10171,0,0
1,1708,255,199609,110,962037,177308.64,199609,10178,0,0
1,1709,255,199827,110,962037,177487.21,199827,10185,0,0
1,1710,255,200104,110,962037,177779.78,200104,10192,0,0
1,1711,255,200313,110,962037,177920.26,200313,10199,0,0
1,1712,255,200508,110,962037,178051.90,200508,10206,0,0
1,1713,255,200816,110,962037,178384.46,200816,10213,0,0
1,1714,255,201062,110,962037,178613.77,201062,10220,0,0
1,1715,255,201305,110,962037,178802.76,201305,10227,0,0
1,1716,255,201560,110,962037,179039.62,201560,10234,0,0
1,1717,255,201771,110,962037,179180.06,201771,10241,0,0
1,1718,255,201866,110,962037,179221.57,201866,10248,0,0
1,1719,255,202085,110,962037,179384.67,202085,10255,0,0
1,1720,255,202367,110,962037,179680.55,202367,10262,0,0
1,1721,255,202582,110,962037,179881.78,202582,10269,0,0
1,1722,255,202842,110,962037,180117.36,202842,10276,0,0
1,1723,255,203091,110,962037,180316.49,203091,10283,0,0
1,1724,255,203272,110,962037,180436.26,203272,10290,0,0
1,1725,255,203525,110,962037,180660.33,203525,10297,0,0
1,1726,255,203782,110,962037,180893.18,203782,10304,0,0
1,1727,255,204016,110,962037,181138.62,204016,10311,0,0
1,1728,255,204213,110,962037,181310.22,204213,10318,0,0
1,1729,255,204446,110,962037,181519.90,204446,10325,0,0
1,1730,255,204676,110,962037,181718.88,204676,10332,0,0
1,1731,255,204938,110,962037,181954.79,204938,10339,0,0
1,1732,255,205185,110,962037,182207.81,205185,10346,0,0
1,1733,255,205425,110,962037,182454.96,205425,10353,0,0
1,1734,255,205682,110,962037,182670.33,205682,10360,0,0
1,1735,255,205841,110,962037,182773.88,205841,10367,0,0
1,1736,255,206059,110,962037,182936.88,206059,10374,0,0
1,1737,255,206281,110,962037,183100.23,206281,10381,0,0
1,1738,255,206476,110,962037,183224.60,206476,10388,0,0
1,1739,255,206777,110,962037,183537.76,206777,10395,0,0
1,1740,255,206959,110,962037,183699.46,206959,10402,0,0
1,1741,255,207179,110,962037,183855.52,207179,10409,0,0
1,1742,255,207340,110,962037,183940.97,207340,10416,0,0
1,1743,255,207550,110,962037,184118.28,207550,10423,0,0
1,1744,255,207794,110,962037,184311.58,207794,10430,0,0
1,1745,255,208020,110,962037,184507.51,208020,10437,0,0
1,1746,255,208238,110,962037,184713.97,208238,10444,0,0
1,1747,255,208473,110,962037,184912.98,208473,10451,0,0
1,1748,255,208731,110,962037,185165.64,208731,10458,0,0
1,1749,255,209032,110,962037,185480.88,209032,10465,0,0
1,1750,255,209281,110,962037,185694.42,209281,10472,0,0
1,1751,255,209537,110,962037,185958.44,209537,10479,0,0
1,1752,255,209783,110,962037,186148.13,209783,10486,0,0
1,1753,255,210042,110,962037,186372.60,210042,10493,0,0
1,1754,255,210361,110,1050601,186767.38,210361,10500,0,0
1,1755,255,210632,110,1050601,187004.68,210632,10507,0,0
1,1756,255,210893,110,1050601,187229.74,210893,10514,0,0
1,1757,255,211065,110,1050601,187365.09,211065,10521,0,0
1,1758,255,211281,110,1050601,187498.42,211281,10528,0,0
1,1759,255,211482,110,1050601,187655.15,211482,10535,0,0
1,1760,255,211700,110,1050601,187832.06,211700,10542,0,0
1,1761,255,211917,110,1050601,187982.63,211917,10549,0,0
1,1762,255,212180,110,1050601,188211.17,212180,10556,0,0
1,1763,255,212380,110,1050601,188342.80,212380,10563,0,0
1,1764,255,212664,110,1050601,188607.75,212664,10570,0,0
1,1765,255,212941,110,1050601,188870.33,212941,10577,0,0
1,1766,255,213150,110,1050601,189024.51,213150,10584,0,0
1,1767,255,213401,110,1050601,189234.36,213401,10591,0,0
1,1768,255,213692,110,1050601,189526.54,213692,10598,0,0
1,1769,255,213823,110,1050601,189594.45,213823,10605,0,0
1,1770,255,214081,110,1050601,189809.31,214081,10612,0,0
1,1771,255,214268,110,1050601,189945.80,214268,10619,0,0
1,1772,255,214488,110,1050601,190104.39,214488,10626,0,0
1,1773,255,214747,110,1050601,190323.67,214747,10633,0,0
1,1774,255,214925,110,1050601,190434.98,214925,10640,0,0
1,1775,255,215149,110,1050601,190603.22,215149,10647,0,0
1,1776,255,215382,110,1050601,190797.65,215382,10654,0,0
1,1777,255,215652,110,1050601,191032.74,215652,10661,0,0
1,1778,255,215915,110,1050601,191281.19,215915,10668,0,0
1,1779,255,216159,110,1050601,191481.34,216159,10675,0,0
1,1780,255,216381,110,1050601,191630.10,216381,10682,0,0
1,1781,255,216623,110,1050601,191820.66,216623,10689,0,0
1,1782,255,216900,110,1050601,192081.85,216900,10696,0,0
1,1783,255,217143,110,1050601,192278.50,217143,10703,0,0
1,1784,255,217290,110,1050601,192353.52,217290,10710,0,0
1,1785,255,217516,110,1050601,192560.24,217516,10717,0,0
1,1786,255,217760,110,1050601,192797.71,217760,10724,0,0
1,1787,255,217989,110,1050601,192963.38,217989,10731,0,0
1,1788,255,218214,110,1050601,193144.22,218214,10738,0,0
1,1789,255,218452,110,1050601,193346.26,218452,10745,0,0
1,1790,255,218648,110,1050601,193440.45,218648,10752,0,0
1,1791,255,218910,110,1050601,193659.89,218910,10759,0,0
1,1792,255,219154,110,1050601,193882.67,219154,10766,0,0
1,1793,255,219391,110,1050601,194098.33,219391,10773,0,0
1,1794,255,219644,110,1050601,194314.78,219644,10780,0,0
1,1795,255,219944,110,1050601,194617.78,219944,10787,0,0
1,1796,255,220185,110,1050601,194836.55,220185,10794,0,0
1,1797,255,220445,110,1050601,195053.06,220445,10801,0,0
1,1798,255,220708,110,1050601,195274.55,220708,10808,0,0
1,1799,255,220917,110,1050601,195453.22,220917,10815,0,0
1,1800,255,221195,110,1050601,195702.35,221195,10822,0,0
1,1801,255,221514,110,1131442,196095.87,221514,10829,0,0
1,1802,255,221803,110,1131442,196370.63,221803,10836,0,0
1,1803,255,222058,110,1131442,196588.81,222058,10843,0,0
1,1804,255,222311,110,1131442,196783.94,222311,10850,0,0
1,1805,255,222553,110,1131442,196977.31,222553,10857,0,0
1,1806,255,222748,110,1131442,197118.49,222748,10864,0,0
1,1807,255,223019,110,1131442,197373.41,223019,10871,0,0
1,1808,255,223271,110,1131442,197588.37,223271,10878,0,0
1,1809,255,223526,110,1131442,197803.92,223526,10885,0,0
1,1810,255,223766,110,1131442,197983.19,223766,10892,0,0
1,1811,255,223976,110,1131442,198130.69,223976,10899,0,0
1,1812,255,224256,110,1131442,198436.15,224256,10906,0,0
1,1813,255,224545,110,1131442,198715.05,224545,10913,0,0
1,1814,255,224743,110,1131442,198839.40,224743,10920,0,0
1,1815,255,225030,110,1131442,199119.25,225030,10927,0,0
1,1816,255,225169,110,1131442,199232.55,225169,10934,0,0
1,1817,255,225388,110,1131442,199382.29,225388,10941,0,0
1,1818,255,225619,110,1131442,199552.27,225619,10948,0,0
1,1819,255,225972,110,1131442,199994.73,225972,10955,0,0
1,1820,255,226211,110,1131442,200223.32,226211,10962,0,0
1,1821,255,226481,110,1131442,200462.55,226481,10969,0,0
1,1822,255,226725,110,1131442,200663.74,226725,10976,0,0
1,1823,255,226948,110,1131442,200853.30,226948,10983,0,0
1,1824,255,227215,110,1131442,201090.55,227215,10990,0,0
1,1825,255,227481,110,1131442,201313.71,227481,10997,0,0
1,1826,255,227599,110,1131442,201390.40,227599,11004,0,0
1,1827,255,227820,110,1131442,201559.95,227820,11011,0,0
1,1828,255,228089,110,1131442,201809.45,228089,11018,0,0
1,1829,255,228319,110,1131442,201993.63,228319,11025,0,0
1,1830,255,228526,110,1131442,202172.23,228526,11032,0,0
1,1831,255,228710,110,1131442,202298.01,228710,11039,0,0
1,1832,255,229001,110,1131442,202579.24,229001,11046,0,0
1,1833,255,229291,110,1131442,202875.54,229291,11053,0,0
1,1834,255,229628,110,1131442,203271.52,229628,11060,0,0
1,1835,255,229819,110,1131442,203433.26,229819,11067,0,0
1,1836,255,230030,110,1131442,203577.59,230030,11074,0,0
1,1837,255,230287,110,1131442,203800.33,230287,11081,0,0
1,1838,255,230531,110,1131442,203978.07,230531,11088,0,0
1,1839,255,230787,110,1131442,204233.94,230787,11095,0,0
1,1840,255,231052,110,1131442,204494.68,231052,11102,0,0
1,1841,255,231287,110,1131442,204645.62,231287,11109,0,0
1,1842,255,231534,110,1131442,204857.07,231534,11116,0,0
1,1843,255,231797,110,1131442,205107.58,231797,11123,0,0
1,1844,255,232055,110,1131442,205338.17,232055,11130,0,0
1,1845,255,232295,110,1131442,205548.25,232295,11137,0,0
1,1846,255,232601,110,1131442,205896.28,232601,11144,0,0
1,1847,255,232897,110,1131442,206177.74,232897,11151,0,0
1,1848,255,233144,110,1131442,206376.56,233144,11158,0,0
1,1849,255,233456,110,1131442,206703.12,233456,11165,0,0
1,1850,255,233747,110,1131442,206979.04,233747,11172,0,0
1,1851,255,233906,110,1131442,207081.96,233906,11179,0,0
1,1852,255,234149,110,1131442,207278.69,234149,11186,0,0
1,1853,255,234413,110,1131442,207530.65,234413,11193,0,0
1,1854,255,234652,110,1131442,207700.14,234652,11200,0,0
1,1855,255,234837,110,1131442,207795.70,234837,11207,0,0
1,1856,255,235159,110,1131442,208151.41,235159,11214,0,0
1,1857,255,235436,110,1131442,208396.34,235436,11221,0,0
1,1858,255,235670,110,1131442,208572.75,235670,11228,0,0
1,1859,255,235940,110,1131442,208833.74,235940,11235,0,0
1,1860,255,236169,110,1131442,209024.40,236169,11242,0,0
1,1861,255,236341,110,1131442,209136.77,236341,11249,0,0
1,1862,255,236588,110,1131442,209317.18,236588,11256,0,0
1,1863,255,236843,110,1131442,209548.73,236843,11263,0,0
1,1864,255,237113,110,1131442,209811.15,237113,11270,0,0
1,1865,255,237386,110,1131442,210101.33,237386,11277,0,0
1,1866,255,237684,110,1131442,210401.50,237684,11284,0,0
1,1867,255,237982,110,1131442,210727.51,237982,11291,0,0
1,1868,255,238275,110,1131442,210998.18,238275,11298,0,0
1,1869,255,238542,110,1131442,211212.74,238542,11305,0,0
1,1870,255,238743,110,1131442,211323.61,238743,11312,0,0
1,1871,255,238914,110,1131442,211423.42,238914,11319,0,0
1,1872,255,239112,110,1131442,211598.51,239112,11326,0,0
1,1873,255,239377,110,1131442,211842.46,239377,11333,0,0
1,1874,255,239603,110,1131442,212015.23,239603,11340,0,0
1,1875,255,239911,110,1131442,212353.74,239911,11347,0,0
1,1876,255,240193,110,1131442,212598.67,240193,11354,0,0
1,1877,255,240458,110,1131442,212809.00,240458,11361,0,0
1,1878,255,240735,110,1131442,213046.61,240735,11368,0,0
1,1879,255,240938,110,1131442,213243.21,240938,11375,0,0
1,1880,255,241159,110,1131442,213380.62,241159,11382,0,0
1,1881,255,241440,110,1131442,213628.05,241440,11389,0,0
1,1882,255,241719,110,1131442,213863.54,241719,11396,0,0
1,1883,255,241959,110,1131442,214069.37,241959,11403,0,0
1,1884,255,242257,110,1131442,214364.26,242257,11410,0,0
1,1885,255,242494,110,1131442,214526.71,242494,11417,0,0
1,1886,255,242852,110,1131442,214982.83,242852,11424,0,0
1,1887,255,243139,110,1131442,215246.43,243139,11431,0,0
1,1888,255,243352,110,1131442,215377.90,243352,11438,0,0
1,1889,255,243578,110,1131442,215540.41,243578,11445,0,0
1,1890,255,243880,110,1157411,215884.73,243880,11452,0,0
1,1891,255,244138,110,1157411,216087.16,244138,11459,0,0
1,1892,255,244390,110,1157411,216308.74,244390,11466,0,0
1,1893,255,244630,110,1157411,216471.50,244630,11473,0,0
1,1894,255,244891,110,1157411,216719.47,244891,11480,0,0
1,1895,255,245158,110,1157411,216973.66,245158,11487,0,0
1,1896,255,245433,110,1157411,217206.56,245433,11494,0,0
1,1897,255,245676,110,1157411,217454.12,245676,11501,0,0
1,1898,255,245943,110,1157411,217660.86,245943,11508,0,0
1,1899,255,246214,110,1157411,217882.07,246214,11515,0,0
1,1900,255,246486,110,1157411,218108.92,246486,11522,0,0
1,1901,255,246675,110,1157411,218267.88,246675,11529,0,0
1,1902,255,246891,110,1157411,218402.50,246891,11536,0,0
1,1903,255,247147,110,1157411,218691.26,247147,11543,0,0
1,1904,255,247325,110,1157411,218793.76,247325,11550,0,0
1,1905,255,247559,110,1157411,218993.04,247559,11557,0,0
1,1906,255,247826,110,1157411,219233.87,247826,11564,0,0
1,1907,255,248159,110,1157411,219607.66,248159,11571,0,0
1,1908,255,248415,110,1157411,219813.61,248415,11578,0,0
1,1909,255,248690,110,1157411,220047.59,248690,11585,0,0
1,1910,255,248896,110,1157411,220150.41,248896,11592,0,0
1,1911,255,249158,110,1157411,220382.26,249158,11599,0,0
1,1912,255,249453,110,1157411,220748.38,249453,11606,0,0
1,1913,255,249796,110,1157411,221146.45,249796,11613,0,0
1,1914,255,250037,110,1157411,221342.04,250037,11620,0,0
1,1915,255,250132,110,1157411,221354.99,250132,11627,0,0
1,1916,255,250224,110,1157411,221344.99,250224,11634,0,0
1,1917,255,250482,110,1157411,221601.44,250482,11641,0,0
1,1918,255,250749,110,1157411,221834.60,250749,11648,0,0
1,1919,255,250961,110,1157411,221993.46,250961,11655,0,0
1,1920,255,251213,110,1157411,222200.54,251213,11662,0,0
1,1921,255,251443,110,1157411,222380.30,251443,11669,0,0
1,1922,255,251732,110,1157411,222646.70,251732,11676,0,0
1,1923,255,252017,110,1157411,222943.87,252017,11683,0,0
1,1924,255,252262,110,1157411,223123.35,252262,11690,0,0
1,1925,255,252514,110,1157411,223386.60,252514,11697,0,0
1,1926,255,252785,110,1167248,223653.84,252785,11704,0,0
1,1927,255,253067,110,1167248,223888.89,253067,11711,0,0
1,1928,255,253356,110,1167248,224148.12,253356,11718,0,0
1,1929,255,253673,110,1167248,224465.09,253673,11725,0,0
1,1930,255,253971,110,1167248,224789.75,253971,11732,0,0
1,1931,255,254148,110,1167248,224904.29,254148,11739,0,0
1,1932,255,254340,110,1167248,225048.76,254340,11746,0,0
1,1933,255,254626,110,1167248,225292.07,254626,11753,0,0
1,1934,255,254897,110,1167248,225502.84,254897,11760,0,0
1,1935,255,255120,110,1167248,225642.22,255120,11767,0,0
1,1936,255,255375,110,1167248,225832.99,255375,11774,0,0
1,1937,255,255697,110,1167248,226177.30,255697,11781,0,0
1,1938,255,255992,110,1167248,226453.01,255992,11788,0,0
1,1939,255,256228,110,1167248,226612.40,256228,11795,0,0
1,1940,255,256485,110,1167248,226832.70,256485,11802,0,0
1,1941,255,256806,110,1167248,227157.71,256806,11809,0,0
1,1942,255,257052,110,1167248,227425.21,257052,11816,0,0
1,1943,255,257302,110,1167248,227630.05,257302,11823,0,0
1,1944,255,257487,110,1167248,227728.96,257487,11830,0,0
1,1945,255,257740,110,1167248,227943.66,257740,11837,0,0
1,1946,255,257909,110,1167248,228027.90,257909,11844,0,0
1,1947,255,258172,110,1167248,228235.84,258172,11851,0,0
1,1948,255,258460,110,1167248,228496.63,258460,11858,0,0
1,1949,255,258671,110,1167248,228651.46,258671,11865,0,0
1,1950,255,258922,110,1167248,228871.25,258922,11872,0,0
1,1951,255,259211,110,1167248,229135.30,259211,11879,0,0
1,1952,255,259433,110,1167248,229267.36,259433,11886,0,0
1,1953,255,259696,110,1167248,229496.98,259696,11893,0,0
1,1954,255,259971,110,1167248,229813.04,259971,11900,0,0
1,1955,255,260255,110,1167248,230057.74,260255,11907,0,0
1,1956,255,260536,110,1167248,230301.35,260536,11914,0,0
1,1957,255,260736,110,1167248,230433.43,260736,11921,0,0
1,1958,255,261020,110,1167248,230675.99,261020,11928,0,0
1,1959,255,261301,110,1167248,230911.92,261301,11935,0,0
1,1960,255,261574,110,1167248,231182.00,261574,11942,0,0
1,1961,255,261874,110,1167248,231472.57,261874,11949,0,0
1,1962,255,262132,110,1167248,231676.11,262132,11956,0,0
1,1963,255,262402,110,1167248,231898.10,262402,11963,0,0
1,1964,255,262653,110,1167248,232092.55,262653,11970,0,0
1,1965,255,262971,110,1167248,232432.54,262971,11977,0,0
1,1966,255,263176,110,1167248,232538.46,263176,11984,0,0
1,1967,255,263468,110,1167248,232807.16,263468,11991,0,0
1,1968,255,263733,110,1167248,233007.80,263733,11998,0,0
1,1969,255,264011,110,1167248,233237.22,264011,12005,0,0
1,1970,255,264262,110,1167248,233414.05,264262,12012,0,0
1,1971,255,264455,110,1167248,233505.78,264455,12019,0,0
1,1972,255,264653,110,1167248,233627.10,264653,12026,0,0
1,1973,255,264854,110,1167248,233742.90,264854,12033,0,0
1,1974,255,265135,110,1167248,233973.07,265135,12040,0,0
1,1975,255,265406,110,1167248,234203.60,265406,12047,0,0
1,1976,255,265698,110,1167248,234490.74,265698,12054,0,0
1,1977,255,265928,110,1167248,234721.12,265928,12061,0,0
1,1978,255,266211,110,1167248,234987.13,266211,12068,0,0
1,1979,255,266518,110,1167248,235275.74,266518,12075,0,0
1,1980,255,266731,110,1167248,235440.82,266731,12082,0,0
1,1981,255,267031,110,1167248,235705.11,267031,12089,0,0
1,1982,255,267297,110,1167248,235909.39,267297,12096,0,0
1,1983,255,267605,110,1167248,236194.14,267605,12103,0,0
1,1984,255,267870,110,1167248,236403.95,267870,12110,0,0
1,1985,255,268144,110,1167248,236633.05,268144,12117,0,0
1,1986,255,268418,110,1167248,236859.06,268418,12124,0,0
1,1987,255,268676,110,1167248,237069.57,268676,12131,0,0
1,1988,255,268934,110,1167248,237272.57,268934,12138,0,0
1,1989,255,269200,110,1167248,237487.29,269200,12145,0,0
1,1990,255,269525,110,1167248,237809.39,269525,12152,0,0
1,1991,255,269807,110,1167248,238058.41,269807,12159,0,0
1,1992,255,270067,110,1167248,238256.82,270067,12166,0,0
1,1993,255,270333,110,1167248,238470.74,270333,12173,0,0
1,1994,255,270636,110,1167248,238777.34,270636,12180,0,0
1,1995,255,270905,110,1167248,239053.42,270905,12187,0,0
1,1996,255,271229,110,1167248,239375.36,271229,12194,0,0
1,1997,255,271480,110,1167248,239574.58,271480,12201,0,0
1,1998,255,271736,110,1167248,239772.45,271736,12208,0,0
1,1999,255,272076,110,1167248,240130.12,272076,12215,0,0
